"Discount name","Discount method","Discount type","Discount class","Applied discounts","Discounted orders","Gross sales","Returns","Net sales","Shipping charges","Taxes","Total sales"
"Cash deal + friends and family ","manual","percentage",,-234362.8,931,1012110.41,-6497.05,802979.56,0,113028.44,916008
"Friends and family ","manual","percentage",,-75631.4,528,683111.99,-5510.75,608827.91,0,66067.39,674895.3
"15% Wheel of fortune","manual","percentage",,-81464.4,372,475863.77,-6547.59,397443.08,0,55004.82,452447.9
"Black Friday 2025 (25%)","automatic","percentage","product",-59620.75,321,210047.97,0,156846.33,0,21191.3,178037.63
"Family discount","manual","percentage",,-71507.4,336,213835.97,-3013.04,146551.94,0,16833.66,163385.6
"30% Customer Discount ","manual","percentage",,-46403.7,132,138911.81,-3319.83,93919.52,0,10537.98,104457.5
"Family and friends ","manual","percentage",,-13862.7,76,81650.43,0,69403.47,0,9151.83,78555.3
"OWNERS DISCOUNT - PIERRE/ANDRE/DAVID ONLY","manual","percentage",,-37151.62,64,65121.7,-908.69,31421.86,0,4684.77,36106.63
"Containers","manual","fixed_amount",,-7473,71,37768.98,0,30435.62,0,3947.38,34383
"Black Friday 2025 (30% above R5000)","automatic","percentage","product",-13403.1,6,38849.35,0,27194.7,0,4079.2,31273.9
"Happy Hour Discount-2025-11-15T22:00:00Z","automatic","percentage","order",-3479.85,2,20172.97,0,17147.09,0,2572.06,19719.15
"Happy Hour Discount-2025-11-24T22:00:00Z","automatic","percentage","order",-1797,3,10417.35,0,8854.79,0,1328.21,10183
"3HYERMVY","discount_code","percentage","order",-965,1,8391.24,0,7552.17,0,1132.83,8685
"10% wheel of fortune","manual","percentage",,-919.2,9,8961.49,0,7497.56,0,775.24,8272.8
"SA1SW5MO","discount_code","fixed_amount","order",-200,1,6918.24,0,6744.35,0,1011.65,7756
"Happy Hour","discount_code","percentage","product",-1908,20,8399.91,0,6687.98,0,907.22,7595.2
"OL0USYBY","discount_code","percentage","order",-900,1,7826.01,0,6260.87,0,939.13,7200
"F2KH9GHQ","discount_code","percentage","order",-900,1,7826.01,0,6260.87,0,939.13,7200
"YCNZY7WX","discount_code","fixed_amount","order",-500,1,6547.79,0,6113.04,0,916.96,7030
"GIXVBKBF","discount_code","fixed_amount","order",-1000,1,6334.74,0,5465.22,0,819.78,6285
"AQ8XYAZJ","discount_code","fixed_amount","order",-100,1,5481.7,0,5394.78,0,809.22,6204
"QMO8UTLB","discount_code","percentage","order",-965,1,8391.1,0,5034.78,0,755.22,5790
"C4EBNLVW","discount_code","percentage","order",-965,1,8391.1,0,5034.78,0,755.22,5790
"MEKLOVPY","discount_code","percentage","order",-965,1,8391.1,0,5034.78,0,755.22,5790
"4HJGRVF9","discount_code","percentage","order",-965,1,8391.1,0,5034.78,0,755.22,5790
"2AF0UMIA","discount_code","percentage","order",-643,1,5591.28,0,5032.18,0,754.82,5787
"KLYRX9L1","discount_code","percentage","order",-620,1,5391.26,0,4852.17,0,727.83,5580
"DWZNQIOY","discount_code","percentage","order",-653.5,1,5682.57,0,4546.09,0,681.91,5228
"KMIORTIF","discount_code","percentage","order",-653.5,1,5682.57,0,4546.09,0,681.91,5228
"QGBQSCYN","discount_code","fixed_amount","order",-200,1,4547.8,0,4373.91,0,656.09,5030
"Happy Hour Discount-2026-01-15T22:00:00Z","automatic","percentage","order",-886.5,4,5139.01,0,4368.26,0,655.24,5023.5
"Strain of the Week 20%","automatic","percentage","product",-1444,13,5452.11,0,4242.78,0,636.42,4879.2
"Happy Hour Discount-2025-11-26T22:00:00Z","automatic","percentage","order",-839.25,3,4865.15,0,4135.43,0,620.32,4755.75
"Happy Hour Discount-2025-11-07T22:00:00Z","automatic","percentage","order",-793.5,3,4599.95,0,3910,0,586.5,4496.5
"PEXOOPLR","discount_code","percentage","order",-621,1,5399.98,-978.26,3881.74,0,582.26,4464
"ZK204W1Y","discount_code","fixed_amount","order",-500,1,4203.47,0,3768.7,0,565.3,4334
"MOPWQDV6","discount_code","fixed_amount","order",-100,1,3782.58,0,3695.65,0,554.35,4250
"Happy hour Free coffee","automatic","percentage","product",-494,11,4394.34,0,3691.16,0,508.65,4199.81
"Happy Hour Discount-2026-01-23T22:00:00Z","automatic","percentage","order",-714,2,4139.06,0,3518.27,0,527.73,4046
"HighFlyers20","discount_code","percentage","order",-973,1,4230.42,0,3384.35,0,507.65,3892
"Happy Hour Discount-2026-01-08T22:00:00Z","automatic","percentage","order",-681.75,4,4095.61,0,3481.31,0,381.94,3863.25
"VAL4VBV1","discount_code","percentage","order",-412,1,3582.58,0,3224.35,0,483.65,3708
"ICEB9LXD","discount_code","fixed_amount","order",-200,1,3373.87,0,3200,0,480,3680
"6NUI4PKN","discount_code","fixed_amount","order",-1000,1,4193.47,0,3297.44,0,382.56,3680
"QGRG2DBS","discount_code","fixed_amount","order",-100,1,3276.51,0,3189.57,0,478.43,3668
"CNU6IRKU","discount_code","fixed_amount","order",-1,1,3159.97,0,3159.13,0,473.87,3633
"OJH8FKBL","discount_code","percentage","order",-392,1,3408.67,0,3067.83,0,460.17,3528
"US112GIZ","discount_code","fixed_amount","order",-200,1,3310.84,0,3132.96,0,389.04,3522
"T0MVNAGA","discount_code","percentage","order",-584,1,5078.26,-1565.22,3005.22,0,450.78,3456
"AUSEOZQX","discount_code","fixed_amount","order",-200,1,3130.41,0,2956.52,0,443.48,3400
"8WXF0HDT","discount_code","fixed_amount","order",-200,1,3078.23,0,2904.35,0,435.65,3340
"7GAOS8WR","discount_code","fixed_amount","order",-200,1,3065.19,0,2891.3,0,433.7,3325
"FHZKSP2U","discount_code","percentage","order",-368,1,3200,0,2880,0,432,3312
"OEZCPPNU","discount_code","fixed_amount","order",-140,1,2999.98,0,2878.26,0,431.74,3310
"HXHXJETL","discount_code","fixed_amount","order",-500,1,3313.02,0,2878.26,0,431.74,3310
"5L3UG2UJ","discount_code","fixed_amount","order",-200,1,2913.02,0,2739.13,0,410.87,3150
"4XSAZFLE","discount_code","fixed_amount","order",-505,1,3173.89,0,2734.78,0,410.22,3145
"S9KLLGUP","discount_code","fixed_amount","order",-200,1,3304.33,0,2660.87,0,399.13,3060
"EUPVQUW7","discount_code","fixed_amount","order",-200,1,2829.54,0,2655.65,0,398.35,3054
"8OXBWXES","discount_code","percentage","order",-333,1,2969.97,0,2673,0,324,2997
"Happy Hour Discount-2025-11-25T22:00:00Z","automatic","percentage","order",-520.5,3,3017.34,0,2564.78,0,384.72,2949.5
"W7UOD1IK","discount_code","fixed_amount","order",-1,1,2556.49,0,2555.65,0,383.35,2939
"0SATIITM","discount_code","fixed_amount","order",-153,1,2643.47,0,2510.43,0,376.57,2887
"MLJDJ6SU","discount_code","percentage","order",-317,1,2756.5,0,2480.87,0,372.13,2853
"UW6HWA8L","discount_code","percentage","order",-317,1,2756.5,0,2480.87,0,372.13,2853
"Happy Hour Discount-2026-02-04T22:00:00Z","automatic","percentage","order",-485.25,2,2813.01,0,2391.09,0,358.66,2749.75
"Happy Hour Discount-2026-01-20T22:00:00Z","automatic","percentage","order",-483.75,3,2804.32,0,2383.7,0,357.55,2741.25
"BDSADRVM","discount_code","fixed_amount","order",-100,1,2878.23,0,2372.61,0,355.89,2728.5
"WELCOMEBACK10","discount_code","percentage","order",-297.5,2,2686.94,0,2328.27,0,349.23,2677.5
"Happy Hour Discount-2025-12-30T22:00:00Z","automatic","percentage","order",-472.5,4,2739.11,0,2328.26,0,349.24,2677.5
"TF79LRIO","discount_code","fixed_amount","order",-200,1,2499.11,0,2325.22,0,348.78,2674
"MVFAY8KE","discount_code","percentage","order",-297,1,2582.59,0,2324.35,0,348.65,2673
"BZJT98KZ","discount_code","fixed_amount","order",-1,1,2313.04,0,2312.18,0,346.82,2659
"K929MTLS","discount_code","fixed_amount","order",-500,1,2787.36,0,2340.69,0,279.31,2620
"DNX9VIJY","discount_code","fixed_amount","order",-100,1,2356.5,0,2269.56,0,340.44,2610
"NDS5ST5P","discount_code","fixed_amount","order",-200,1,2430.4,0,2256.52,0,338.48,2595
"SUYK56AK","discount_code","percentage","order",-288,1,2504.34,0,2253.91,0,338.09,2592
"XF3GWQCN","discount_code","fixed_amount","order",-200,1,2420.82,0,2246.96,0,337.04,2584
"ITG0RGGR","discount_code","fixed_amount","order",-1,1,2243.47,0,2242.61,0,336.39,2579
"JFJNMKZE","discount_code","fixed_amount","order",-922,1,3043.44,0,2241.74,0,336.26,2578
"29ICT5JB","discount_code","fixed_amount","order",-500,1,2759.99,0,2309.02,0,250.98,2560
"UL9F1SVL","discount_code","fixed_amount","order",-200,1,2391.28,0,2217.39,0,332.61,2550
"UYVSDEJP","discount_code","percentage","order",-306.5,1,2665.07,0,2132.17,0,319.83,2452
"0ZPZND7G","discount_code","percentage","order",-306.5,1,2665.07,0,2132.17,0,319.83,2452
"Happy Hour Discount-2025-12-08T22:00:00Z","automatic","percentage","order",-547.5,4,2495.6,0,2121.3,0,318.2,2439.5
"WKTXWAO9","discount_code","fixed_amount","order",-1000,1,2986.94,0,2117.39,0,317.61,2435
"ZY8PRMRN","discount_code","percentage","order",-266,1,2313.03,0,2081.74,0,312.26,2394
"UQORKMOX","discount_code","fixed_amount","order",-31,1,2104.33,0,2077.39,0,311.61,2389
"K77MEJSL","discount_code","fixed_amount","order",-200,1,2321.29,0,2141.64,0,242.36,2384
"For containers","manual","fixed_amount",,-1460,6,3424.34,0,2064.13,0,275.87,2340
"CH08IATM","discount_code","fixed_amount","order",-1000,1,2862.59,0,1993.04,0,298.96,2292
"K7ZPTTDJ","discount_code","percentage","order",-254,1,2540,0,2286,0,0,2286
"5AVSUNM5","discount_code","fixed_amount","order",-1000,1,3230,0,2230,0,0,2230
"RIOAN9YH","discount_code","fixed_amount","order",-62,1,1973.89,0,1920,0,288,2208
"KBUAWH6L","discount_code","fixed_amount","order",-200,1,2086.94,0,1913.04,0,286.96,2200
"OBKMT1FS","discount_code","fixed_amount","order",-1000,1,2778.24,0,1908.7,0,286.3,2195
"HO7YUPUF","discount_code","fixed_amount","order",-1000,1,3179,0,2179,0,0,2179
"3FUTP7VP","discount_code","fixed_amount","order",-500,1,2393.47,0,1944.76,0,222.24,2167
"96FZV1MY","discount_code","fixed_amount","order",-1000,1,2739.11,0,1869.57,0,280.43,2150
"71C7I3V3","discount_code","fixed_amount","order",-503,1,2304.33,0,1866.96,0,280.04,2147
"I6V16AFH","discount_code","percentage","order",-238,1,2069.54,0,1862.61,0,279.39,2142
"Happy Hour Discount-2026-01-26T22:00:00Z","automatic","percentage","order",-375,3,2173.88,0,1847.83,0,277.17,2125
"DODUIG4C","discount_code","percentage","order",-236,1,2052.17,0,1846.96,0,277.04,2124
"WT6TGEYK","discount_code","fixed_amount","order",-500,1,2260.86,0,1826.09,0,273.91,2100
"Happy Hour Discount-2025-11-18T22:00:00Z","automatic","percentage","order",-367.5,2,2130.42,0,1810.87,0,271.63,2082.5
"BGK3QPZQ","discount_code","fixed_amount","order",-100,1,1847.81,0,1760.87,0,264.13,2025
"FBNYYKRU","discount_code","fixed_amount","order",-4000,1,5234.76,0,1756.52,0,263.48,2020
"LGBGRR39","discount_code","fixed_amount","order",-1000,1,2626.07,0,1756.52,0,263.48,2020
"TZV8O8VL","discount_code","fixed_amount","order",-200,1,2048.25,0,1863.15,0,149.85,2013
"UNJW4JGW","discount_code","fixed_amount","order",-520,1,2199.98,0,1747.83,0,262.17,2010
"8TGKXQVG","discount_code","fixed_amount","order",-1,1,1747.82,0,1746.96,0,262.04,2009
"9LAPUSFQ","discount_code","percentage","order",-221.9,1,1981.6,0,1783.45,0,213.65,1997.1
"X5RGTKQG","discount_code","percentage","order",-394.9,1,3557.61,0,1778.91,0,195.59,1974.5
"TF80FVHR","discount_code","percentage","order",-394.9,1,3557.61,0,1778.91,0,195.59,1974.5
"LGY87EU8","discount_code","percentage","order",-394.9,1,3557.61,0,1778.91,0,195.59,1974.5
"DDZSEZOH","discount_code","percentage","order",-394.9,1,3557.61,0,1778.91,0,195.59,1974.5
"NH1RGE9M","discount_code","percentage","order",-394.9,1,3557.61,0,1778.91,0,195.59,1974.5
"GQOBUFWC","discount_code","fixed_amount","order",-1,1,1717.37,0,1716.52,0,257.48,1974
"T7CEXSQA","discount_code","fixed_amount","order",-100,1,1765.21,0,1678.26,0,251.74,1930
"Happy Hour Discount-2026-01-11T22:00:00Z","automatic","percentage","order",-337.5,2,1956.5,0,1663.04,0,249.46,1912.5
"UEOQSCGW","discount_code","fixed_amount","order",-572,1,2156.51,0,1659.13,0,248.87,1908
"CAZLGNX7","discount_code","percentage","order",-212,1,1843.46,0,1659.13,0,248.87,1908
"HRUVWCMS","discount_code","fixed_amount","order",-200,1,1829.55,0,1655.65,0,248.35,1904
"KAC3G03S","discount_code","fixed_amount","order",-200,1,1826.07,0,1652.17,0,247.83,1900
"MFQXWNYW","discount_code","fixed_amount","order",-200,1,1826.06,0,1652.17,0,247.83,1900
"SD50U6XE","discount_code","fixed_amount","order",-500,1,2086.94,0,1652.17,0,247.83,1900
"HXNZSQSF","discount_code","fixed_amount","order",-30,1,1677.35,0,1651.3,0,247.7,1899
"QSWD9LAT","discount_code","percentage","order",-210,1,1826.08,0,1643.48,0,246.52,1890
"VDFEAZBT","discount_code","fixed_amount","order",-200,1,2090,0,1890,0,0,1890
"7VFQGBQI","discount_code","percentage","order",-209.4,1,2094,0,1884.6,0,0,1884.6
"HWAXIMIP","discount_code","percentage","order",-209,1,1817.38,0,1635.65,0,245.35,1881
"1YVPTJIB","discount_code","fixed_amount","order",-200,1,1883.03,0,1701.98,0,178.02,1880
"RCISIMWL","discount_code","fixed_amount","order",-200,1,1806.07,0,1632.17,0,244.83,1877
"WSSHWNYQ","discount_code","fixed_amount","order",-500,1,2065.19,0,1630.43,0,244.57,1875
"F00P6AMP","discount_code","fixed_amount","order",-103,1,1717.37,0,1627.83,0,244.17,1872
"Happy Hour Discount-2025-12-10T22:00:00Z","automatic","percentage","order",-330,2,1913.02,0,1626.09,0,243.91,1870
"ZLZSPTUO","discount_code","percentage","order",-207,1,1800,0,1620,0,243,1863
"WVNS69YJ","discount_code","fixed_amount","order",-100,1,1695.64,0,1608.7,0,241.3,1850
"XMI9QNYG","discount_code","percentage","order",-369,1,3208.65,0,1604.35,0,240.65,1845
"LMVV6IIJ","discount_code","percentage","order",-369,1,3208.65,0,1604.35,0,240.65,1845
"NUUNR1ZE","discount_code","percentage","order",-369,1,3208.65,0,1604.35,0,240.65,1845
"OYFYEHSK","discount_code","percentage","order",-369,1,3208.65,0,1604.35,0,240.65,1845
"PUWWUI4D","discount_code","percentage","order",-369,1,3208.65,0,1604.35,0,240.65,1845
"Happy Hour WKD","discount_code","percentage","product",-460,8,2100.41,0,1680.35,0,159.65,1840
"L6DVYHQV","discount_code","fixed_amount","order",-200,1,1765.21,0,1591.3,0,238.7,1830
"NDASIXPU","discount_code","fixed_amount","order",-200,1,1813.47,0,1632.13,0,167.87,1800
"NNBWLGBV","discount_code","fixed_amount","order",-500,1,1999.99,0,1565.22,0,234.78,1800
"JCP5DHWF","discount_code","fixed_amount","order",-500,1,1996.48,0,1561.74,0,234.26,1796
"Happy Hour Discount-2025-12-18T22:00:00Z","automatic","percentage","order",-331.5,3,1934.77,-85,1559.57,0,233.93,1793.5
"QKJVDRZ2","discount_code","fixed_amount","order",-63,1,1608.68,0,1553.91,0,233.09,1787
"SJ5C66Q7","discount_code","fixed_amount","order",-41,1,1582.59,0,1546.96,0,232.04,1779
"Happy Hour Discount-2025-12-19T22:00:00Z","automatic","percentage","order",-520.5,3,1817.32,0,1544.78,0,231.72,1776.5
"6IGNALFL","discount_code","fixed_amount","order",-200,1,1713.02,0,1539.13,0,230.87,1770
"XAAEUSUW","discount_code","percentage","order",-292.9,1,2929,0,1757.4,0,0,1757.4
"S0B9QE2F","discount_code","percentage","order",-292.9,1,2929,0,1757.4,0,0,1757.4
"EFOHWTDY","discount_code","percentage","order",-292.9,1,2929,0,1757.4,0,0,1757.4
"B0HILLQV","discount_code","percentage","order",-292.9,1,2929,0,1757.4,0,0,1757.4
"1XVN3FY7","discount_code","fixed_amount","order",-1,1,1525.2,0,1524.35,0,228.65,1753
"CQRZJUMP","discount_code","fixed_amount","order",-454,1,1911.27,0,1516.52,0,227.48,1744
"VA6NP8CM","discount_code","fixed_amount","order",-32,1,1543.46,0,1515.65,0,227.35,1743
"LMPY3FAQ","discount_code","fixed_amount","order",-200,1,1681.73,0,1507.83,0,226.17,1734
"PCN0FWLO","discount_code","fixed_amount","order",-100,1,1591.29,0,1504.35,0,225.65,1730
"I3RKMD68","discount_code","fixed_amount","order",-92,1,1582.59,0,1502.61,0,225.39,1728
"RSRIGHKR","discount_code","fixed_amount","order",-3,1,1516.03,0,1513.43,0,198.57,1712
"VAUKPN4E","discount_code","fixed_amount","order",-139,1,1604.33,0,1483.48,0,222.52,1706
"DTYKRKUP","discount_code","fixed_amount","order",-200,1,1652.16,0,1478.26,0,221.74,1700
"Happy Hour Discount-2025-12-24T22:00:00Z","automatic","percentage","order",-300,2,1739.11,0,1478.26,0,221.74,1700
"WSACYY0O","discount_code","fixed_amount","order",-200,1,1652.16,0,1478.26,0,221.74,1700
"RXGJEI9L","discount_code","fixed_amount","order",-200,1,1776.08,0,1589.13,0,110.87,1700
"RMQDUGVR","discount_code","fixed_amount","order",-500,1,1904.33,0,1469.57,0,220.43,1690
"6J5WJHCR","discount_code","percentage","order",-186,1,1617.38,0,1455.65,0,218.35,1674
"ADJ03EHV","discount_code","percentage","order",-186,1,1617.38,0,1455.65,0,218.35,1674
"Containers recycle","manual","fixed_amount",,-687,9,2104.56,0,1452.17,0,217.83,1670
"5Q9GYCWL","discount_code","fixed_amount","order",-160,1,1582.6,0,1443.48,0,216.52,1660
"HOWVX1WJ","discount_code","fixed_amount","order",-500,1,1960,0,1502.06,0,137.94,1640
"JZAXKICZ","discount_code","fixed_amount","order",-100,1,1495.64,0,1408.7,0,211.3,1620
"UD8KRNGJ","discount_code","fixed_amount","order",-108,1,1494.77,0,1400.87,0,210.13,1611
"JCZJWECD","discount_code","fixed_amount","order",-47,1,1513.46,0,1470.5,0,137.5,1608
"DMK8MNRG","discount_code","fixed_amount","order",-900,1,2173.9,0,1391.3,0,208.7,1600
"9THPPXN5","discount_code","fixed_amount","order",-1,1,1386.94,0,1386.09,0,207.91,1594
"Y0MK1VH1","discount_code","percentage","order",-336.5,1,2925.93,-396.52,1359.13,0,203.87,1563
"5RMEG04E","discount_code","percentage","order",-336.5,1,2925.93,-396.52,1359.13,0,203.87,1563
"WJGQVFDS","discount_code","percentage","order",-336.5,1,2925.93,-396.52,1359.13,0,203.87,1563
"CQ1P5KZ9","discount_code","percentage","order",-336.5,1,2925.93,-396.52,1359.13,0,203.87,1563
"RV0PM7C1","discount_code","fixed_amount","order",-100,1,1443.46,0,1356.52,0,203.48,1560
"HR0OXWV3","discount_code","fixed_amount","order",-500,1,2059,0,1559,0,0,1559
"Happy hour weekend special 01/02/2026 by bruce","manual","percentage",,-380,1,1652.17,0,1321.74,0,198.26,1520
"SSM4CPZU","discount_code","fixed_amount","order",-1,1,1321.73,0,1320.87,0,198.13,1519
"NO93JXMN","discount_code","fixed_amount","order",-200,1,1488.65,0,1314.78,0,197.22,1512
"KEYRO68P","discount_code","fixed_amount","order",-196,1,1482.59,0,1312.17,0,196.83,1509
"NBYXDDF9","discount_code","fixed_amount","order",-194,1,1478.26,0,1309.57,0,196.43,1506
"Happy Hour Discount-2025-11-12T22:00:00Z","automatic","percentage","order",-264,2,1530.4,0,1300.87,0,195.13,1496
"NZ76YZTC","discount_code","percentage","order",-165.5,1,1439.11,0,1295.22,0,194.28,1489.5
"Happy Hour Discount-2026-01-22T22:00:00Z","automatic","percentage","order",-261.6,1,1744,0,1482.4,0,0,1482.4
"Cash discount","manual","percentage",,-78,1,1356.52,0,1288.7,0,193.3,1482
"UAGFT0NR","discount_code","fixed_amount","order",-500,1,1721.72,0,1286.96,0,193.04,1480
"DUGJA6PO","discount_code","fixed_amount","order",-1,1,1282.6,0,1281.74,0,192.26,1474
"AHKAQLC3","discount_code","fixed_amount","order",-500,1,1716.49,0,1281.74,0,192.26,1474
"Q2JV4JCB","discount_code","percentage","order",-163,1,1417.38,0,1275.65,0,191.35,1467
"DX3GRN9N","discount_code","fixed_amount","order",-2,1,1269.55,0,1267.83,0,190.17,1458
"GATSXKIS","discount_code","fixed_amount","order",-500,1,1762.16,0,1308.24,0,132.76,1441
"ZHQSMBI0","discount_code","percentage","order",-159.5,1,1386.94,0,1248.26,0,187.24,1435.5
"Happy Hour Discount-2025-11-14T22:00:00Z","automatic","percentage","order",-252,2,1460.82,0,1241.74,0,186.26,1428
"F9T6PPRN","discount_code","fixed_amount","order",-100,1,1326.07,0,1239.13,0,185.87,1425
"EALFQIO2","discount_code","fixed_amount","order",-100,1,1321.72,0,1234.78,0,185.22,1420
"OCISOJY3","discount_code","fixed_amount","order",-107,1,1313.03,0,1220,0,183,1403
"3S0NH2TJ","discount_code","fixed_amount","order",-500,1,1652.16,0,1217.39,0,182.61,1400
"9VZOSCZ1","discount_code","percentage","order",-200,1,1739.09,0,1217.39,0,182.61,1400
"VRQVWNVT","discount_code","fixed_amount","order",-500,1,1900,0,1400,0,0,1400
"FDIP6X0E","discount_code","percentage","order",-200,1,1739.09,0,1217.39,0,182.61,1400
"XDFFCY5W","discount_code","percentage","order",-200,1,1739.09,0,1217.39,0,182.61,1400
"UKQOCKR8","discount_code","fixed_amount","order",-500,1,1652.17,0,1217.39,0,182.61,1400
"7XYNV49P","discount_code","percentage","order",-155.5,1,1352.16,0,1216.96,0,182.54,1399.5
"AWUK7XDI","discount_code","fixed_amount","order",-200,1,1439.11,0,1259.01,0,138.99,1398
"Happy Hour Discount-2026-01-02T22:00:00Z","automatic","percentage","order",-243.75,2,1413.03,0,1201.08,0,180.17,1381.25
"BWWKONMB","discount_code","fixed_amount","order",-200,1,1365.21,0,1191.31,0,178.69,1370
"Happy Hour Discount-2026-01-14T22:00:00Z","automatic","percentage","order",-241.5,2,1399.98,0,1190,0,178.5,1368.5
"Z5BNO72Z","discount_code","fixed_amount","order",-407,1,1539.12,0,1185.22,0,177.78,1363
"OARU7KS1","discount_code","fixed_amount","order",-20,1,1199.99,0,1182.61,0,177.39,1360
"0Y3MQLLA","discount_code","fixed_amount","order",-500,1,1609.54,0,1174.78,0,176.22,1351
"GH9NZDE6","discount_code","fixed_amount","order",-100,1,1450,0,1350,0,0,1350
"EQNUFPXY","discount_code","fixed_amount","order",-10,1,1173.91,0,1165.22,0,174.78,1340
"IWMXNBPK","discount_code","fixed_amount","order",-500,1,1600,0,1165.22,0,174.78,1340
"Happy Hour Discount-2026-01-29T22:00:00Z","automatic","percentage","order",-235.5,2,1365.16,0,1160.43,0,174.07,1334.5
"XBKZ3XBB","discount_code","percentage","order",-147.9,1,1286.08,0,1157.48,0,173.62,1331.1
"YVZPOO3F","discount_code","fixed_amount","order",-1,1,1156.51,0,1155.65,0,173.35,1329
"ZHA5AV5Z","discount_code","fixed_amount","order",-1,1,1152.16,0,1151.3,0,172.7,1324
"MFYVTLS2","discount_code","fixed_amount","order",-200,1,1317.37,0,1143.48,0,171.52,1315
"Happy Hour Discount-2025-12-21T22:00:00Z","automatic","percentage","order",-231,2,1339.11,0,1138.26,0,170.74,1309
"F766ZMP0","discount_code","fixed_amount","order",-59,1,1186.93,0,1135.65,0,170.35,1306
"SUFAVMFB","discount_code","percentage","order",-145,1,1260.86,0,1134.78,0,170.22,1305
"CLPSEEAJ","discount_code","fixed_amount","order",-1000,1,1999.98,0,1130.43,0,169.57,1300
"Happy Hour Discount-2025-11-17T22:00:00Z","automatic","percentage","order",-228,2,1321.72,0,1123.48,0,168.52,1292
"QCXEI2FC","discount_code","fixed_amount","order",-1,1,1121.73,0,1120.87,0,168.13,1289
"M9VETTJD","discount_code","fixed_amount","order",-1,1,1121.73,0,1120.87,0,168.13,1289
"SNKIMKYI","discount_code","fixed_amount","order",-1,1,1121.73,0,1120.87,0,168.13,1289
"7CJC0L1Z","discount_code","fixed_amount","order",-137,1,1239.11,0,1120,0,168,1288
"R4GNC6KO","discount_code","fixed_amount","order",-1000,1,2033.01,0,1141.75,0,139.25,1281
"0LWICOTT","discount_code","fixed_amount","order",-1,1,1113.02,0,1112.17,0,166.83,1279
"WVZAAQDV","discount_code","percentage","order",-142,1,1234.77,0,1111.3,0,166.7,1278
"Happy Hour Discount-2026-01-24T22:00:00Z","automatic","percentage","order",-225,1,1304.34,0,1108.7,0,166.3,1275
"ME9A36QV","discount_code","fixed_amount","order",-1000,1,1978.26,0,1108.7,0,166.3,1275
"JEYLEZBI","discount_code","percentage","order",-210,1,1826.05,0,1095.65,0,164.35,1260
"69TSUCSI","discount_code","percentage","order",-210,1,1826.05,0,1095.65,0,164.35,1260
"TJ8GTA2D","discount_code","percentage","order",-140,1,1217.38,0,1095.65,0,164.35,1260
"AGOJK2CM","discount_code","percentage","order",-210,1,1826.05,0,1095.65,0,164.35,1260
"WSIDLPNJ","discount_code","percentage","order",-210,1,1826.05,0,1095.65,0,164.35,1260
"KMJPPGZD","discount_code","fixed_amount","order",-90,1,1172.99,0,1094.78,0,164.22,1259
"CAXUG3QN","discount_code","fixed_amount","order",-51,1,1130.43,0,1086.09,0,162.91,1249
"XKT53T7A","discount_code","fixed_amount","order",-500,1,1519.11,0,1084.35,0,162.65,1247
"VVSSDGG5","discount_code","fixed_amount","order",-8,1,1086.95,0,1080,0,162,1242
"TBUVTMQO","discount_code","fixed_amount","order",-19,1,1095.63,0,1079.13,0,161.87,1241
"IIENX5SL","discount_code","fixed_amount","order",-100,1,1156.52,0,1069.57,0,160.43,1230
"0PZRNWYE","discount_code","fixed_amount","order",-200,1,1238.25,0,1064.35,0,159.65,1224
"P9TWYS6J","discount_code","fixed_amount","order",-200,1,1230.42,0,1056.52,0,158.48,1215
"ZT0RN9TS","discount_code","percentage","order",-135,1,1173.9,0,1056.52,0,158.48,1215
"CRLCMOUT","discount_code","fixed_amount","order",-500,1,1491.28,0,1056.52,0,158.48,1215
"305HBMDL","discount_code","fixed_amount","order",-500,1,1479.99,0,1045.22,0,156.78,1202
"P7CMSW0T","discount_code","fixed_amount","order",-1000,1,1913.03,0,1043.48,0,156.52,1200
"EZ6IZOSL","discount_code","fixed_amount","order",-200,1,1321.71,0,1033.04,0,154.96,1188
"LZDUJKMQ","discount_code","fixed_amount","order",-805,1,1730.42,0,1030.43,0,154.57,1185
"BRC4XWOM","discount_code","fixed_amount","order",-22,1,1043.47,0,1024.35,0,153.65,1178
"AWU1ZSUN","discount_code","fixed_amount","order",-204,1,1199.99,0,1022.61,0,153.39,1176
"QX7OTU7Y","discount_code","fixed_amount","order",-200,1,1195.64,0,1021.74,0,153.26,1175
"FRBMGAQB","discount_code","percentage","order",-130,1,1130.43,0,1017.39,0,152.61,1170
"G7WC4LDJ","discount_code","fixed_amount","order",-1,1,1017.38,0,1016.52,0,152.48,1169
"ZOEDFGVD","discount_code","fixed_amount","order",-524,1,1469.56,0,1013.91,0,152.09,1166
"HRW2ZAYJ","discount_code","fixed_amount","order",-1000,1,1879.11,0,1009.57,0,151.43,1161
"ISBWNWSJ","discount_code","percentage","order",-129,1,1121.73,0,1009.57,0,151.43,1161
"GDL3CJ88","discount_code","fixed_amount","order",-500,1,1443.45,0,1008.7,0,151.3,1160
"54WTHHTL","discount_code","percentage","order",-192,1,1669.54,0,1001.74,0,150.26,1152
"ER6QO5UY","discount_code","percentage","order",-192,1,1669.54,0,1001.74,0,150.26,1152
"ZUYGMXJW","discount_code","percentage","order",-192,1,1669.54,0,1001.74,0,150.26,1152
"XBEREHZD","discount_code","percentage","order",-128,1,1280,0,1152,0,0,1152
"BNV0LT5N","discount_code","percentage","order",-192,1,1669.54,0,1001.74,0,150.26,1152
"HBTCAPQ2","discount_code","fixed_amount","order",-30,1,1026.07,0,1000,0,150,1150
"1DVABP7T","discount_code","fixed_amount","order",-100,1,1086.95,0,1000,0,150,1150
"ING4OCC3","discount_code","fixed_amount","order",-1,1,999.99,0,999.13,0,149.87,1149
"Happy Hour Discount-2025-11-20T22:00:00Z","automatic","percentage","order",-202.5,1,1173.91,0,997.83,0,149.67,1147.5
"NY37UOU4","discount_code","fixed_amount","order",-1,1,991.3,0,990.44,0,148.56,1139
"QLNFS5KB","discount_code","fixed_amount","order",-112,1,1086.96,0,989.57,0,148.43,1138
"MG2A7PVU","discount_code","fixed_amount","order",-200,1,1156.52,0,982.61,0,147.39,1130
"VOTWJWCX","discount_code","fixed_amount","order",-200,1,1156.51,0,982.61,0,147.39,1130
"PEVCNZPY","discount_code","fixed_amount","order",-200,1,1156.52,0,982.61,0,147.39,1130
"UD48NZDM","discount_code","fixed_amount","order",-200,1,1152.16,0,978.26,0,146.74,1125
"XZQAFYDN","discount_code","fixed_amount","order",-50,1,1021.73,0,978.26,0,146.74,1125
"OJ0TIUI6","discount_code","fixed_amount","order",-200,1,1256.46,0,974.35,0,146.15,1120.5
"NN5NGIA3","discount_code","percentage","order",-140,1,1400,0,1120,0,0,1120
"JAQSZSEA","discount_code","percentage","order",-140,1,1400,0,1120,0,0,1120
"RIOKMJZV","discount_code","percentage","order",-186,1,1617.35,0,970.43,0,145.57,1116
"SPAFMTT1","discount_code","percentage","order",-186,1,1617.35,0,970.43,0,145.57,1116
"RXU53X1P","discount_code","percentage","order",-186,1,1617.35,0,970.43,0,145.57,1116
"0GBQAPMD","discount_code","percentage","order",-186,1,1617.35,0,970.43,0,145.57,1116
"Y71ZUFBB","discount_code","fixed_amount","order",-500,1,1399.99,0,965.22,0,144.78,1110
"0X3I2NBP","discount_code","fixed_amount","order",-100,1,1049.55,0,962.61,0,144.39,1107
"Happy Hour Discount-2026-01-30T22:00:00Z","automatic","percentage","order",-194.25,1,1126.06,0,957.17,0,143.58,1100.75
"PBDARQR4","discount_code","fixed_amount","order",-100,1,1043.46,0,956.52,0,143.48,1100
"DVG1WAQN","discount_code","fixed_amount","order",-100,1,1043.46,0,956.52,0,143.48,1100
"LIKQSU8Y","discount_code","fixed_amount","order",-1000,1,1826.07,0,956.52,0,143.48,1100
"K6NXBHA0","discount_code","fixed_amount","order",-1,1,956.5,0,955.65,0,143.35,1099
"UBXWOCLX","discount_code","fixed_amount","order",-423,1,1321.73,0,953.91,0,143.09,1097
"Happy Hour Discount-2025-12-26T22:00:00Z","automatic","percentage","order",-193.5,2,1215.64,0,1033.3,0,63.2,1096.5
"HHVDZ6OJ","discount_code","fixed_amount","order",-14,1,965.2,0,953.04,0,142.96,1096
"EN3YW1YB","discount_code","fixed_amount","order",-1000,1,1872.15,0,978.96,0,117.04,1096
"KVEXU1UR","discount_code","fixed_amount","order",-100,1,1034.78,0,947.83,0,142.17,1090
"EMCD7YHX","discount_code","fixed_amount","order",-50,1,986.93,0,943.48,0,141.52,1085
"Q09CMLN4","discount_code","percentage","order",-135,1,1347.37,0,1077.91,0,2.09,1080
"LMVEWZJ4","discount_code","fixed_amount","order",-40,1,973.89,0,939.13,0,140.87,1080
"CIEFYPS7","discount_code","percentage","order",-135,1,1347.37,0,1077.91,0,2.09,1080
"GL4IHKEK","discount_code","fixed_amount","order",-1,1,939.1,0,938.26,0,140.74,1079
"AA2A7BRW","discount_code","fixed_amount","order",-500,1,1373.03,0,938.26,0,140.74,1079
"JLKDCQIQ","discount_code","fixed_amount","order",-500,1,1368.67,0,933.91,0,140.09,1074
"1G62CJFT","discount_code","fixed_amount","order",-200,1,1104.33,0,930.43,0,139.57,1070
"IWV5KHID","discount_code","fixed_amount","order",-1,1,930.43,0,929.57,0,139.43,1069
"XJZGT2MU","discount_code","fixed_amount","order",-200,1,1099.98,0,926.09,0,138.91,1065
"BOBJ6K5O","discount_code","fixed_amount","order",-1000,1,1793.03,0,923.48,0,138.52,1062
"CEBPAWGD","discount_code","fixed_amount","order",-200,1,1095.64,0,921.74,0,138.26,1060
"Happy Hour Discount-2026-01-07T22:00:00Z","automatic","percentage","order",-186,1,1103.02,0,937.59,0,116.41,1054
"SIMPNCWK","discount_code","fixed_amount","order",-120,1,1013.04,0,908.7,0,136.3,1045
"ULFCIPVC","discount_code","percentage","order",-116,1,1008.7,0,907.83,0,136.17,1044
"XSDJVLHR","discount_code","percentage","order",-116,1,1008.7,0,907.83,0,136.17,1044
"OVRRTMG9","discount_code","percentage","order",-116,1,1008.7,0,907.83,0,136.17,1044
"ESNIFHDD","discount_code","percentage","order",-116,1,1008.69,0,907.83,0,136.17,1044
"E4LK1N6M","discount_code","fixed_amount","order",-100,1,991.29,0,904.35,0,135.65,1040
"KMEX21QB","discount_code","fixed_amount","order",-100,1,991.29,0,904.35,0,135.65,1040
"AZAX87IB","discount_code","fixed_amount","order",-100,1,991.3,0,904.35,0,135.65,1040
"FQ9H7JZY","discount_code","fixed_amount","order",-100,1,1040.87,0,949.57,0,90.43,1040
"Happy Hour Discount-2025-12-27T22:00:00Z","automatic","percentage","order",-183,2,1060.84,0,901.74,0,135.26,1037
"Happy Hour Discount-2025-12-31T22:00:00Z","automatic","percentage","order",-183,1,1060.83,0,901.74,0,135.26,1037
"YR5JCN0G","discount_code","fixed_amount","order",-200,1,1098.02,0,899.13,0,134.87,1034
"LHBABQAB","discount_code","fixed_amount","order",-500,1,1380,0,929.02,0,100.98,1030
"DLLNUPDR","discount_code","fixed_amount","order",-1,1,895.64,0,894.78,0,134.22,1029
"GAYEV9IE","discount_code","percentage","order",-114,1,991.3,0,892.17,0,133.83,1026
"4NN8ATJS","discount_code","fixed_amount","order",-500,1,1326.07,0,891.3,0,133.7,1025
"THFAJSQ8","discount_code","fixed_amount","order",-500,1,1346.51,0,903.59,0,116.41,1020
"Q6FGWZFT","discount_code","fixed_amount","order",-500,1,1321.73,0,886.96,0,133.04,1020
"XEEVCVWD","discount_code","fixed_amount","order",-200,1,1220,0,1020,0,0,1020
"D8HHUTPM","discount_code","fixed_amount","order",-200,1,1052.16,0,878.26,0,131.74,1010
"TWWHZXWP","discount_code","fixed_amount","order",-160,1,1013.02,0,873.91,0,131.09,1005
"MZ6JZ4ZY","discount_code","fixed_amount","order",-20,1,886.95,0,869.57,0,130.43,1000
"NFJFJQGC","discount_code","fixed_amount","order",-100,1,956.52,0,869.57,0,130.43,1000
"KLQRAUMZ","discount_code","fixed_amount","order",-112,1,965.21,0,867.83,0,130.17,998
"IVFB7EH3","discount_code","fixed_amount","order",-100,1,947.82,0,860.87,0,129.13,990
"HFNDSWHT","discount_code","fixed_amount","order",-1,1,860.86,0,860,0,129,989
"QB2XTOJM","discount_code","fixed_amount","order",-1,1,856.5,0,855.65,0,128.35,984
"TNSKL5BU","discount_code","fixed_amount","order",-100,1,939.11,0,852.17,0,127.83,980
"MYSY2CRY","discount_code","fixed_amount","order",-52,1,895.61,0,850.43,0,127.57,978
"Happy Hour Discount-2026-01-04T22:00:00Z","automatic","percentage","order",-172.5,1,999.99,0,850,0,127.5,977.5
"YNSR3DCX","discount_code","fixed_amount","order",-200,1,1023.47,0,849.57,0,127.43,977
"ZGXZTD4M","discount_code","fixed_amount","order",-100,1,930.43,0,843.48,0,126.52,970
"Happy Hour Discount-2025-12-04T22:00:00Z","automatic","percentage","order",-171,1,991.29,0,842.61,0,126.39,969
"BLKJSGPL","discount_code","fixed_amount","order",-1,1,843.47,0,842.61,0,126.39,969
"Happy Hour Discount-2025-12-11T22:00:00Z","automatic","percentage","order",-171,1,991.29,0,842.61,0,126.39,969
"TWXVPRTJ","discount_code","fixed_amount","order",-1,1,893.02,0,892.12,0,76.88,969
"Family and friends","manual","percentage",,-171,1,991.29,0,842.61,0,126.39,969
"A8AMECGY","discount_code","fixed_amount","order",-1,1,917.81,0,916.88,0,52.12,969
"HZN0NM3U","discount_code","fixed_amount","order",-232,1,1043.46,0,841.74,0,126.26,968
"UFZYJMJ1","discount_code","fixed_amount","order",-100,1,926.07,0,839.13,0,125.87,965
"HTI78CTU","discount_code","fixed_amount","order",-500,1,1269.55,0,834.78,0,125.22,960
"WQPRZRCD","discount_code","fixed_amount","order",-100,1,921.72,0,834.78,0,125.22,960
"VPZPRUZT","discount_code","percentage","order",-106.4,1,925.21,0,832.7,0,124.9,957.6
"0HK0GKBH","discount_code","fixed_amount","order",-150,1,956.52,0,826.09,0,123.91,950
"KZ85O5YE","discount_code","fixed_amount","order",-100,1,913.04,0,826.09,0,123.91,950
"HMQEGASV","discount_code","fixed_amount","order",-1,1,826.08,0,825.22,0,123.78,949
"NERMXXGE","discount_code","fixed_amount","order",-1,1,826.08,0,825.22,0,123.78,949
"XYVV5YCY","discount_code","fixed_amount","order",-45,1,860.86,0,821.74,0,123.26,945
"8CSK7WSM","discount_code","fixed_amount","order",-200,1,1140,0,940,0,0,940
"Q2DHTOHV","discount_code","fixed_amount","order",-200,1,1140,0,940,0,0,940
"NB5NJQWV","discount_code","fixed_amount","order",-200,1,991.29,0,817.39,0,122.61,940
"DDSMIJMO","discount_code","fixed_amount","order",-200,1,1140,0,940,0,0,940
"F7GRY8AO","discount_code","fixed_amount","order",-200,1,991.3,0,817.39,0,122.61,940
"AESLSVGN","discount_code","fixed_amount","order",-30,1,843.46,0,817.39,0,122.61,940
"IGHEF5AA","discount_code","fixed_amount","order",-200,1,986.95,0,813.04,0,121.96,935
"GPTZKODK","discount_code","fixed_amount","order",-100,1,899.11,0,812.17,0,121.83,934
"M83JYWLG","discount_code","fixed_amount","order",-1000,1,1754.34,0,846.3,0,85.7,932
"QKYX0HAP","discount_code","fixed_amount","order",-100,1,897.36,0,810.43,0,121.57,932
"45NJ6LIC","discount_code","fixed_amount","order",-200,1,982.59,0,808.7,0,121.3,930
"FZFK6DFX","discount_code","fixed_amount","order",-224,1,1000,0,805.22,0,120.78,926
"ZZX6UDFB","discount_code","fixed_amount","order",-44,1,843.47,0,805.22,0,120.78,926
"X7U8CDZW","discount_code","fixed_amount","order",-100,1,891.29,0,804.35,0,120.65,925
"FPBNRETS","discount_code","fixed_amount","order",-500,1,1236.51,0,801.74,0,120.26,922
"KPYZ4ZFO","discount_code","fixed_amount","order",-31,1,826.08,0,799.13,0,119.87,919
"Happy Hour Discount-2025-12-23T22:00:00Z","automatic","percentage","order",-161.1,1,933.9,0,793.83,0,119.07,912.9
"MO3FSXLA","discount_code","fixed_amount","order",-82,1,860.85,0,789.57,0,118.43,908
"SIHET0NC","discount_code","fixed_amount","order",-1000,1,1652.16,0,782.61,0,117.39,900
"QWCABI45","discount_code","percentage","order",-111.8,1,972.12,0,777.74,0,116.66,894.4
"MTIKQMHS","discount_code","percentage","order",-111.8,1,972.12,0,777.74,0,116.66,894.4
"Happy Hour Discount-2025-11-09T22:00:00Z","automatic","percentage","order",-157.5,1,913.03,0,776.09,0,116.41,892.5
"VQFCEKSM","discount_code","fixed_amount","order",-28,1,799.99,0,775.65,0,116.35,892
"CSN0IWLH","discount_code","fixed_amount","order",-200,1,947.81,0,773.91,0,116.09,890
"4OIXCNRA","discount_code","fixed_amount","order",-200,1,946.93,0,773.04,0,115.96,889
"YTKJBP99","discount_code","fixed_amount","order",-168,1,917.38,0,771.3,0,115.7,887
"PFXTMJWL","discount_code","fixed_amount","order",-400,1,1114.75,0,766.96,0,115.04,882
"V9EE92ZW","discount_code","fixed_amount","order",-71,1,826.08,0,764.35,0,114.65,879
"UZWFRDLR","discount_code","fixed_amount","order",-282,1,1008.68,0,763.48,0,114.52,878
"U2DZ9XSZ","discount_code","fixed_amount","order",-200,1,934.78,0,760.87,0,114.13,875
"OGGVARQN","discount_code","percentage","order",-97,1,843.46,0,759.13,0,113.87,873
"Happy Hour Discount-2025-11-21T22:00:00Z","automatic","percentage","order",-153,1,886.93,0,753.91,0,113.09,867
"I9PIQI4L","discount_code","fixed_amount","order",-200,1,922.59,0,748.7,0,112.3,861
"Happy Hour Discount-2026-01-25T22:00:00Z","automatic","percentage","order",-151.5,1,878.24,0,746.52,0,111.98,858.5
"Discount","manual","fixed_amount",,-705,2,1356.5,0,743.48,0,111.52,855
"UCIYTTDZ","discount_code","percentage","order",-95,1,826.08,0,743.48,0,111.52,855
"XH46QRFM","discount_code","fixed_amount","order",-138,1,860.86,0,740.87,0,111.13,852
"NNVBNLUT","discount_code","fixed_amount","order",-200,1,1050,0,850,0,0,850
"TSIWGUMV","discount_code","fixed_amount","order",-100,1,826.08,0,739.13,0,110.87,850
"OIXPIPVA","discount_code","fixed_amount","order",-100,1,826.08,0,739.13,0,110.87,850
"VA726K88","discount_code","fixed_amount","order",-100,1,826.08,0,739.13,0,110.87,850
"A64VEV4E","discount_code","fixed_amount","order",-200,1,1050,0,850,0,0,850
"RVVZ0TLJ","discount_code","fixed_amount","order",-100,1,826.08,0,739.13,0,110.87,850
"U4VZWE3W","discount_code","fixed_amount","order",-100,1,826.08,0,739.13,0,110.87,850
"SALMCZM7","discount_code","fixed_amount","order",-200,1,983.03,0,794.9,0,50.1,845
"QSKJJFNL","discount_code","fixed_amount","order",-296,1,991.3,0,733.91,0,110.09,844
"EFRMPW2S","discount_code","fixed_amount","order",-19,1,747.82,0,731.3,0,109.7,841
"PRF7MGQG","discount_code","fixed_amount","order",-620,1,1269.54,0,730.43,0,109.57,840
"Cash deal + friends and family ","manual","fixed_amount",,-210,1,913.03,0,730.43,0,109.57,840
"TGLFCN8V","discount_code","fixed_amount","order",-200,1,904.34,0,730.44,0,109.56,840
"FS6MZ5VA","discount_code","fixed_amount","order",-500,1,1156.51,0,721.74,0,108.26,830
"SE2IUKWI","discount_code","percentage","order",-92,1,799.99,0,720,0,108,828
"30% Customer Discount ","manual","fixed_amount",,-354,1,1026.06,0,718.26,0,107.74,826
"H0Z3ERMQ","discount_code","fixed_amount","order",-200,1,891.29,0,717.39,0,107.61,825
"XEHFZADT","discount_code","fixed_amount","order",-200,1,891.29,0,717.39,0,107.61,825
"EFFAUTE8","discount_code","fixed_amount","order",-200,1,890.42,0,716.52,0,107.48,824
"MHZ5HOZM","discount_code","fixed_amount","order",-200,1,890.41,0,716.52,0,107.48,824
"XPGQKNHX","discount_code","fixed_amount","order",-400,1,1060.85,0,713.04,0,106.96,820
"YCR4AWIA","discount_code","fixed_amount","order",-200,1,882.6,0,708.7,0,106.3,815
"Happy Hour Discount-2025-11-28T22:00:00Z","automatic","percentage","order",-142.5,1,826.07,0,702.17,0,105.33,807.5
"Happy Hour Discount-2025-12-16T22:00:00Z","automatic","percentage","order",-142.5,1,850.86,0,723.24,0,84.26,807.5
"Happy Hour Discount-2025-12-25T22:00:00Z","automatic","percentage","order",-142.5,1,826.08,0,702.17,0,105.33,807.5
"Happy Hour Discount-2025-12-05T22:00:00Z","automatic","percentage","order",-142.5,1,826.07,0,702.17,0,105.33,807.5
"Happy Hour Discount-2025-12-01T22:00:00Z","automatic","percentage","order",-142.5,1,826.07,0,702.17,0,105.33,807.5
"Happy Hour Discount-2026-01-12T22:00:00Z","automatic","percentage","order",-142.5,1,826.08,0,702.17,0,105.33,807.5
"Happy Hour Discount-2025-12-13T22:00:00Z","automatic","percentage","order",-142.5,1,826.07,0,702.17,0,105.33,807.5
"RQAKKABE","discount_code","fixed_amount","order",-15,1,713.04,0,700,0,105,805
"E56LSBDZ","discount_code","fixed_amount","order",-100,1,782.59,0,695.65,0,104.35,800
"C6L0SSCB","discount_code","fixed_amount","order",-200,1,1000,0,800,0,0,800
"FRDB2CUO","discount_code","fixed_amount","order",-1000,1,1565.2,0,695.65,0,104.35,800
"MCE1LCVZ","discount_code","fixed_amount","order",-1,1,695.63,0,694.78,0,104.22,799
"CXN1LAZ8","discount_code","fixed_amount","order",-1,1,695.64,0,694.78,0,104.22,799
"G6QWOSNR","discount_code","fixed_amount","order",-1000,1,1559.98,0,690.44,0,103.56,794
"ZDZQLPDI","discount_code","fixed_amount","order",-200,1,910.43,0,726.51,0,63.49,790
"GMAFLI9V","discount_code","fixed_amount","order",-100,1,773.9,0,686.96,0,103.04,790
"IIA7Q3RN","discount_code","fixed_amount","order",-200,1,858.26,0,684.35,0,102.65,787
"8AIA5249","discount_code","fixed_amount","order",-200,1,856.5,0,682.61,0,102.39,785
"OCEWN715","discount_code","fixed_amount","order",-1,1,678.25,0,677.39,0,101.61,779
"M0GPGAVF","discount_code","fixed_amount","order",-1,1,678.25,0,677.39,0,101.61,779
"UNATHFB9","discount_code","fixed_amount","order",-1,1,678.25,0,677.39,0,101.61,779
"HP3V3HDB","discount_code","fixed_amount","order",-1,1,678.25,0,677.39,0,101.61,779
"CEPWEIWF","discount_code","fixed_amount","order",-22,1,695.62,0,676.52,0,101.48,778
"XX9L9CVD","discount_code","fixed_amount","order",-200,1,1139.12,0,675.65,0,101.35,777
"ORNN9MS1","discount_code","fixed_amount","order",-200,1,897.37,0,713.31,0,61.69,775
"YHWF6ZUT","discount_code","fixed_amount","order",-100,1,760.86,0,673.91,0,101.09,775
"7AXGIEGQ","discount_code","fixed_amount","order",-200,1,847.81,0,673.91,0,101.09,775
"IB3ODT8E","discount_code","fixed_amount","order",-200,1,917.82,0,728.58,0,41.42,770
"SI73U3AQ","discount_code","fixed_amount","order",-500,1,1104.35,0,669.57,0,100.43,770
"FWBQ1NNK","discount_code","fixed_amount","order",-10,1,678.25,0,669.57,0,100.43,770
"YCXHM6QK","discount_code","fixed_amount","order",-200,1,843.48,0,669.57,0,100.43,770
"Happy Hour Discount-2026-01-31T22:00:00Z","automatic","percentage","order",-134.25,1,778.24,0,661.52,0,99.23,760.75
"IMJDYQEZ","discount_code","fixed_amount","order",-20,1,678.25,0,660.87,0,99.13,760
"LZ4MDKIO","discount_code","fixed_amount","order",-1,1,660.86,0,660,0,99,759
"4WB430ZG","discount_code","fixed_amount","order",-1,1,660.86,0,660,0,99,759
"ODVMJUVY","discount_code","percentage","order",-84,1,730.43,0,657.39,0,98.61,756
"XHH2ICM2","discount_code","fixed_amount","order",-40,1,691.28,0,656.52,0,98.48,755
"D1SJXHJG","discount_code","fixed_amount","order",-670,1,1238.22,0,655.65,0,98.35,754
"F2AHDJ2G","discount_code","fixed_amount","order",-26,1,678.25,0,655.65,0,98.35,754
"ZUGLUUWA","discount_code","fixed_amount","order",-200,1,826.08,0,652.17,0,97.83,750
"D2P9SZI9","discount_code","fixed_amount","order",-200,1,950,0,750,0,0,750
"O9WAZWJF","discount_code","fixed_amount","order",-270,1,886.96,0,652.18,0,97.82,750
"IJOAJFS7","discount_code","fixed_amount","order",-200,1,826.08,0,652.17,0,97.83,750
"5OA4SCTJ","discount_code","fixed_amount","order",-200,1,826.07,0,652.17,0,97.83,750
"OLCKKZPF","discount_code","fixed_amount","order",-200,1,850.86,0,671.74,0,78.26,750
"FP5BELIN","discount_code","fixed_amount","order",-200,1,826.08,0,652.17,0,97.83,750
"OBDBOGRP","discount_code","fixed_amount","order",-200,1,826.08,0,652.17,0,97.83,750
"UZCJNTOT","discount_code","fixed_amount","order",-200,1,826.08,0,652.17,0,97.83,750
"FQBRGNY8","discount_code","fixed_amount","order",-200,1,826.08,0,652.17,0,97.83,750
"L6SUZEIQ","discount_code","fixed_amount","order",-200,1,826.08,0,652.17,0,97.83,750
"4FYDB67M","discount_code","fixed_amount","order",-160,1,791.29,0,652.17,0,97.83,750
"HZN58J6N","discount_code","fixed_amount","order",-200,1,826.08,0,652.17,0,97.83,750
"ARYAQZAK","discount_code","fixed_amount","order",-200,1,826.07,0,652.17,0,97.83,750
"6VHOZCLD","discount_code","fixed_amount","order",-200,1,826.08,0,652.17,0,97.83,750
"H19U1FUI","discount_code","fixed_amount","order",-200,1,826.08,0,652.17,0,97.83,750
"YQ3HBZPE","discount_code","fixed_amount","order",-200,1,826.08,0,652.17,0,97.83,750
"LJMPR7G7","discount_code","fixed_amount","order",-200,1,826.08,0,652.17,0,97.83,750
"4DB06LON","discount_code","fixed_amount","order",-100,1,739.1,0,652.17,0,97.83,750
"UVALSYB8","discount_code","fixed_amount","order",-200,1,826.08,0,652.17,0,97.83,750
"PN8ORLK2","discount_code","fixed_amount","order",-200,1,826.08,0,652.17,0,97.83,750
"EEXWYLKS","discount_code","fixed_amount","order",-31,1,703.02,0,675.1,0,73.9,749
"C75S568F","discount_code","fixed_amount","order",-32,1,678.24,0,650.43,0,97.57,748
"FBK9QRAE","discount_code","fixed_amount","order",-100,1,758.67,0,668.8,0,75.2,744
"2CUGSIOR","discount_code","fixed_amount","order",-400,1,1019.54,0,663.08,0,80.92,744
"MBEZQVC4","discount_code","fixed_amount","order",-207,1,826.08,0,646.09,0,96.91,743
"4AM2MDBW","discount_code","fixed_amount","order",-20,1,660.85,0,643.48,0,96.52,740
"AEV53UCZ","discount_code","fixed_amount","order",-20,1,660.85,0,643.48,0,96.52,740
"RB8YIFRY","discount_code","percentage","order",-82,1,713.04,0,641.74,0,96.26,738
"MHYIUIFZ","discount_code","fixed_amount","order",-100,1,726.07,0,639.13,0,95.87,735
"YVM6EWUE","discount_code","fixed_amount","order",-16,1,652.17,0,638.26,0,95.74,734
"IGJZCWPA","discount_code","fixed_amount","order",-200,1,799.99,0,626.09,0,93.91,720
"ZE2VHNAT","discount_code","fixed_amount","order",-100,1,712.16,0,625.22,0,93.78,719
"BGMVWJSV","discount_code","fixed_amount","order",-200,1,798.24,0,624.35,0,93.65,718
"GJ2ZYXNC","discount_code","fixed_amount","order",-100,1,708.67,0,621.74,0,93.26,715
"4ICKZQDX","discount_code","fixed_amount","order",-48,1,660.86,0,619.13,0,92.87,712
"51YA48XY","discount_code","fixed_amount","order",-200,1,791.29,0,617.39,0,92.61,710
"N08RAD7H","discount_code","percentage","order",-78,1,678.24,0,610.43,0,91.57,702
"BQ4P5C9R","discount_code","percentage","order",-154,1,1339.1,-594.78,610.43,0,91.57,702
"Membership that wasn't loaded when system was down.","manual","fixed_amount",,-100,1,695.65,0,608.7,0,91.3,700
"RXMSCSWY","discount_code","fixed_amount","order",-100,1,695.65,0,608.7,0,91.3,700
"5CE8OMGB","discount_code","fixed_amount","order",-10,1,613.03,0,604.35,0,90.65,695
"GV2QAVN1","discount_code","fixed_amount","order",-200,1,778.25,0,604.35,0,90.65,695
"L0XLL2RS","discount_code","percentage","order",-77,1,669.55,0,602.61,0,90.39,693
"V8HQZCC0","discount_code","percentage","order",-77,1,669.55,0,602.61,0,90.39,693
"UBMTGS6K","discount_code","fixed_amount","order",-65,1,656.5,0,600,0,90,690
"FEHAPFG4","discount_code","fixed_amount","order",-100,1,682.59,0,595.65,0,89.35,685
"Z7A7HMUB","discount_code","fixed_amount","order",-18,1,607.82,0,592.18,0,88.82,681
"ZRUZNYYE","discount_code","fixed_amount","order",-200,1,765.2,0,591.3,0,88.7,680
"Happy Hour Discount-2025-12-29T22:00:00Z","automatic","percentage","order",-120,1,695.64,0,591.3,0,88.7,680
"R8FPLVSZ","discount_code","percentage","order",-75,1,652.17,0,586.96,0,88.04,675
"D7Q2FDCI","discount_code","fixed_amount","order",-100,1,673.9,0,586.96,0,88.04,675
"KEMJKS9H","discount_code","fixed_amount","order",-200,1,760.86,0,586.96,0,88.04,675
"T0WLX91A","discount_code","fixed_amount","order",-100,1,673.9,0,586.96,0,88.04,675
"WU3UV2JB","discount_code","percentage","order",-74.5,1,647.81,0,583.04,0,87.46,670.5
"O1XYEJQX","discount_code","fixed_amount","order",-200,1,756.51,0,582.61,0,87.39,670
"MKRLONNW","discount_code","percentage","order",-74,1,643.46,0,579.13,0,86.87,666
"L0DLJE9R","discount_code","percentage","order",-74,1,740,0,666,0,0,666
"MLXFOFQW","discount_code","fixed_amount","order",-100,1,760,0,660,0,0,660
"FZS6TBTB","discount_code","fixed_amount","order",-100,1,660.85,0,573.91,0,86.09,660
"MY9SISUI","discount_code","fixed_amount","order",-100,1,660.85,0,573.91,0,86.09,660
"NZIN4ZYD","discount_code","fixed_amount","order",-100,1,660.85,0,573.91,0,86.09,660
"GU6NWB44","discount_code","fixed_amount","order",-310,1,843.46,0,573.91,0,86.09,660
"JRPCFC1X","discount_code","fixed_amount","order",-100,1,660.83,0,573.91,0,86.09,660
"NGCNCPNG","discount_code","fixed_amount","order",-200,1,747.81,0,573.91,0,86.09,660
"BLT2P9SF","discount_code","fixed_amount","order",-100,1,659.97,0,573.04,0,85.96,659
"ZL2NPJKC","discount_code","fixed_amount","order",-295,1,826.09,0,569.57,0,85.43,655
"MG6Q3YL2","discount_code","fixed_amount","order",-100,1,656.51,0,569.57,0,85.43,655
"EMTHEAR3","discount_code","percentage","order",-72.5,1,630.42,0,567.39,0,85.11,652.5
"Z5GKYLAX","discount_code","fixed_amount","order",-100,1,652.17,0,565.22,0,84.78,650
"2Q8NSADG","discount_code","fixed_amount","order",-100,1,652.17,0,565.22,0,84.78,650
"G9NFUX1O","discount_code","fixed_amount","order",-500,1,999.99,0,565.22,0,84.78,650
"NTAMM4XF","discount_code","fixed_amount","order",-220,1,756.52,0,565.22,0,84.78,650
"BFAEREUD","discount_code","fixed_amount","order",-100,1,652.17,0,565.22,0,84.78,650
"QFNZZY3B","discount_code","fixed_amount","order",-100,1,652.17,0,565.22,0,84.78,650
"OYZXDHKO","discount_code","fixed_amount","order",-500,1,1149,0,649,0,0,649
"Happy Hour Discount-2025-11-22T22:00:00Z","automatic","percentage","order",-114,1,660.86,0,561.74,0,84.26,646
"BMPS8G8B","discount_code","fixed_amount","order",-200,1,735.63,0,561.74,0,84.26,646
"IYCKXJJ9","discount_code","percentage","order",-92,1,920,0,644,0,0,644
"DEMRJ4GZ","discount_code","percentage","order",-92,1,920,0,644,0,0,644
"DDIEV54X","discount_code","percentage","order",-92,1,920,0,644,0,0,644
"HLY1CMGI","discount_code","fixed_amount","order",-500,1,991.3,0,556.52,0,83.48,640
"GATFYPQZ","discount_code","fixed_amount","order",-120,1,660.86,0,556.52,0,83.48,640
"FTENPPOO","discount_code","fixed_amount","order",-500,1,991.3,0,556.52,0,83.48,640
"IZHGWTFX","discount_code","fixed_amount","order",-188,1,717.37,0,553.91,0,83.09,637
"D1KVTWTE","discount_code","fixed_amount","order",-200,1,726.07,0,552.17,0,82.83,635
"QCXWGZSU","discount_code","fixed_amount","order",-136,1,669.53,0,551.3,0,82.7,634
"9L5MGWAN","discount_code","fixed_amount","order",-200,1,717.38,0,543.48,0,81.52,625
"QVURAZBP","discount_code","fixed_amount","order",-200,1,825,0,625,0,0,625
"FREHZCZP","discount_code","fixed_amount","order",-500,1,978.25,0,543.48,0,81.52,625
"RXDMCQ8R","discount_code","fixed_amount","order",-100,1,630.43,0,543.48,0,81.52,625
"BODFP9BX","discount_code","fixed_amount","order",-100,1,626.06,0,539.13,0,80.87,620
"BEPJRHJC","discount_code","fixed_amount","order",-1,1,620,0,619,0,0,619
"0WAG2E80","discount_code","fixed_amount","order",-200,1,712.17,0,538.26,0,80.74,619
"ZFPWABGO","discount_code","fixed_amount","order",-144,1,660.86,0,535.65,0,80.35,616
"HTRJZXQB","discount_code","fixed_amount","order",-200,1,815,0,615,0,0,615
"FN1PU8H3","discount_code","fixed_amount","order",-100,1,608.69,0,521.74,0,78.26,600
"RRZG9THL","discount_code","fixed_amount","order",-100,1,608.69,0,521.74,0,78.26,600
"Promotion on joint wanted out yet and we told member about the special already","manual","fixed_amount",,-50,1,565.2,0,521.74,0,78.26,600
"OULJYLT1","discount_code","fixed_amount","order",-1,1,521.73,0,520.87,0,78.13,599
"RGYHLXV4","discount_code","fixed_amount","order",-200,1,797,0,597,0,0,597
"NECQURZZ","discount_code","fixed_amount","order",-100,1,599.99,0,513.04,0,76.96,590
"Z3BOAITK","discount_code","fixed_amount","order",-100,1,599.11,0,512.17,0,76.83,589
"1VNZPC51","discount_code","fixed_amount","order",-64,1,565.21,0,509.57,0,76.43,586
"R1XYI4RL","discount_code","percentage","order",-65,1,565.22,0,508.7,0,76.3,585
"M7MBFK0Q","discount_code","fixed_amount","order",-100,1,595.65,0,508.7,0,76.3,585
"HELI9TOK","discount_code","fixed_amount","order",-200,1,678.25,0,504.35,0,75.65,580
"IMPH7YJN","discount_code","fixed_amount","order",-500,1,938.26,0,503.48,0,75.52,579
"TDUFRPZL","discount_code","fixed_amount","order",-200,1,673.9,0,500,0,75,575
"FRLXII7B","discount_code","fixed_amount","order",-500,1,930.42,0,495.65,0,74.35,570
"HMKFF1QV","discount_code","fixed_amount","order",-100,1,582.6,0,495.65,0,74.35,570
"O1RMP9VM","discount_code","fixed_amount","order",-1,1,495.64,0,494.78,0,74.22,569
"XBCS1QTN","discount_code","fixed_amount","order",-1,1,495.64,0,494.78,0,74.22,569
"ZJUKFXRM","discount_code","fixed_amount","order",-500,1,926.95,0,492.18,0,73.82,566
"XQ1GWVAN","discount_code","fixed_amount","order",-217,1,678.26,0,489.57,0,73.43,563
"PZQGTCUK","discount_code","fixed_amount","order",-200,1,660.87,0,486.96,0,73.04,560
"ZXSLWCFV","discount_code","fixed_amount","order",-200,1,760,0,560,0,0,560
"ID9Y8XDC","discount_code","fixed_amount","order",-200,1,660.86,0,486.96,0,73.04,560
"1YFCRUWL","discount_code","fixed_amount","order",-200,1,660.87,0,486.96,0,73.04,560
"L7WN8UHR","discount_code","fixed_amount","order",-100,1,571.29,0,484.35,0,72.65,557
"SO8O64OT","discount_code","fixed_amount","order",-36,1,537.82,0,505.01,0,48.99,554
"JOI40HIM","discount_code","fixed_amount","order",-200,1,652.17,0,478.26,0,71.74,550
"V0NSVDXR","discount_code","fixed_amount","order",-22,1,495.65,0,476.52,0,71.48,548
"LWVM9O51","discount_code","fixed_amount","order",-100,1,560.86,0,473.91,0,71.09,545
"GGFHOT0J","discount_code","fixed_amount","order",-200,1,647.81,0,473.91,0,71.09,545
"521JNNW5","discount_code","fixed_amount","order",-100,1,560.86,0,473.91,0,71.09,545
"TQGWN7QK","discount_code","fixed_amount","order",-100,1,560.86,0,473.91,0,71.09,545
"WJMOBAAH","discount_code","fixed_amount","order",-200,1,640.86,0,466.96,0,70.04,537
"VSTFWTAJ","discount_code","fixed_amount","order",-100,1,553.9,0,466.96,0,70.04,537
"QXDHLFWU","discount_code","fixed_amount","order",-100,1,549.55,0,462.61,0,69.39,532
"Happy Hour Discount-2026-02-02T22:00:00Z","automatic","percentage","order",-108.75,3,556.51,0,473.04,0,58.21,531.25
"ZUCEFGPC","discount_code","fixed_amount","order",-1000,1,1330.42,0,460.87,0,69.13,530
"F3XMH8RV","discount_code","fixed_amount","order",-174,1,651.81,0,490.72,0,39.28,530
"QAVNN3UX","discount_code","fixed_amount","order",-500,1,970,0,499.13,0,30.87,530
"SAPSSZ9M","discount_code","fixed_amount","order",-100,1,546.94,0,460,0,69,529
"Happy Hour Discount-2025-12-12T22:00:00Z","automatic","percentage","order",-93,1,539.1,0,458.26,0,68.74,527
"ODWCX9R1","discount_code","fixed_amount","order",-500,1,1024,0,524,0,0,524
"B0DFAKZT","discount_code","fixed_amount","order",-807,1,1156.51,0,454.78,0,68.22,523
"CHAPMPW7","discount_code","fixed_amount","order",-500,1,882.61,0,447.83,0,67.17,515
"DQZZXLMB","discount_code","percentage","order",-57,1,495.65,0,446.09,0,66.91,513
"Happy Hour Discount-2026-01-01T22:00:00Z","automatic","percentage","order",-90,1,521.74,0,443.48,0,66.52,510
"Happy Hour Discount-2026-01-21T22:00:00Z","automatic","percentage","order",-90,1,521.74,0,443.48,0,66.52,510
"Happy Hour Discount-2026-01-10T22:00:00Z","automatic","percentage","order",-90,1,521.74,0,443.48,0,66.52,510
"HJH6EBPN","discount_code","fixed_amount","order",-200,1,707,0,507,0,0,507
"WEBVVAU7","discount_code","fixed_amount","order",-100,1,527.82,0,440.87,0,66.13,507
"DWU8MDNQ","discount_code","fixed_amount","order",-200,1,613.02,0,439.13,0,65.87,505
"Happy Hour Discount-2025-12-17T22:00:00Z","automatic","percentage","order",-88.5,1,513.03,0,436.09,0,65.41,501.5
"Happy Hour Discount-2025-12-03T22:00:00Z","automatic","percentage","order",-103.5,2,613.04,-85,436.09,0,65.41,501.5
"V0UOXQIM","discount_code","fixed_amount","order",-100,1,521.73,0,434.78,0,65.22,500
"N3FM433Q","discount_code","fixed_amount","order",-90,1,513.03,0,434.78,0,65.22,500
"WCUP22LV","discount_code","fixed_amount","order",-100,1,521.72,0,434.78,0,65.22,500
"N9D78SRK","discount_code","fixed_amount","order",-100,1,517.37,0,430.43,0,64.57,495
"GKU1GEZT","discount_code","fixed_amount","order",-100,1,517.37,0,430.43,0,64.57,495
"FEICZUCI","discount_code","fixed_amount","order",-100,1,514.76,0,427.83,0,64.17,492
"PPJA0SMC","discount_code","fixed_amount","order",-200,1,600,0,426.09,0,63.91,490
"UQTLR9GM","discount_code","fixed_amount","order",-200,1,600,0,426.09,0,63.91,490
"2SNM1BHO","discount_code","fixed_amount","order",-80,1,495.65,0,426.09,0,63.91,490
"KZTYJHXM","discount_code","fixed_amount","order",-500,1,860.87,0,426.09,0,63.91,490
"QA0LJ4AY","discount_code","fixed_amount","order",-500,1,858.25,0,423.48,0,63.52,487
"BLVO8CMP","discount_code","fixed_amount","order",-100,1,580,0,480,0,0,480
"UJQWWDCQ","discount_code","fixed_amount","order",-12,1,426.08,0,415.65,0,62.35,478
"GPMDY21N","discount_code","fixed_amount","order",-93,1,495.64,0,414.78,0,62.22,477
"WIPUBN1W","discount_code","fixed_amount","order",-94,1,495.64,0,413.91,0,62.09,476
"ORQGZKEA","discount_code","fixed_amount","order",-100,1,495.65,0,408.7,0,61.3,470
"UAE3IS9L","discount_code","fixed_amount","order",-100,1,495.65,0,408.7,0,61.3,470
"HKVK9T8I","discount_code","fixed_amount","order",-100,1,495.65,0,408.7,0,61.3,470
"Z52VFXRV","discount_code","fixed_amount","order",-100,1,495.65,0,408.7,0,61.3,470
"K6XIW2BU","discount_code","fixed_amount","order",-100,1,495.65,0,408.7,0,61.3,470
"D7LKGMQG","discount_code","fixed_amount","order",-100,1,495.65,0,408.7,0,61.3,470
"X08AILE3","discount_code","fixed_amount","order",-100,1,495.65,0,408.7,0,61.3,470
"EGQ5KF1R","discount_code","fixed_amount","order",-100,1,495.65,0,408.7,0,61.3,470
"O2TGQ1VW","discount_code","fixed_amount","order",-100,1,495.65,0,408.7,0,61.3,470
"VPKUIJZE","discount_code","fixed_amount","order",-200,1,656.95,0,460.85,0,9.15,470
"CCL4L3OB","discount_code","fixed_amount","order",-1,1,408.69,0,407.83,0,61.17,469
"EEBGK6NM","discount_code","fixed_amount","order",-1,1,408.69,0,407.83,0,61.17,469
"PQNTTR4D","discount_code","percentage","order",-52,1,452.17,0,406.96,0,61.04,468
"EGDXFISN","discount_code","fixed_amount","order",-136,1,521.74,0,403.48,0,60.52,464
"YMFGZLDD","discount_code","fixed_amount","order",-500,1,836.52,0,401.74,0,60.26,462
"HSPJR9PM","discount_code","fixed_amount","order",-200,1,573.9,0,400,0,60,460
"V6VM4CE3","discount_code","fixed_amount","order",-300,1,660.86,0,400,0,60,460
"I7HPDQ7D","discount_code","percentage","order",-76,1,660.84,0,396.52,0,59.48,456
"ZUYK4TRC","discount_code","percentage","order",-76,1,660.84,0,396.52,0,59.48,456
"U1SUEZ1B","discount_code","fixed_amount","order",-134,1,513.03,0,396.52,0,59.48,456
"9L03UDTJ","discount_code","percentage","order",-76,1,660.84,0,396.52,0,59.48,456
"V3UU45XD","discount_code","percentage","order",-76,1,660.84,0,396.52,0,59.48,456
"Z0STMQMT","discount_code","fixed_amount","order",-148,1,521.73,0,393.04,0,58.96,452
"FNZLX9L6","discount_code","fixed_amount","order",-500,1,950,0,450,0,0,450
"KALOGQHS","discount_code","fixed_amount","order",-40,1,426.07,0,391.3,0,58.7,450
"EU1YQNWS","discount_code","fixed_amount","order",-500,1,826.07,0,391.3,0,58.7,450
"X6ARROLU","discount_code","fixed_amount","order",-120,1,495.64,0,391.3,0,58.7,450
"XFQNBEQS","discount_code","fixed_amount","order",-500,1,826.07,0,391.3,0,58.7,450
"2IQI6BLA","discount_code","fixed_amount","order",-100,1,478.25,0,391.3,0,58.7,450
"Happy Hour Discount-2026-02-01T22:00:00Z","automatic","percentage","order",-78.75,1,456.51,0,388.04,0,58.21,446.25
"BRVKZSZV","discount_code","fixed_amount","order",-100,1,473.9,0,386.96,0,58.04,445
"B7WJ3UMJ","discount_code","fixed_amount","order",-19,1,400,0,383.48,0,57.52,441
"GIJIJBTX","discount_code","fixed_amount","order",-1,1,382.6,0,381.74,0,57.26,439
"FUDIZGYA","discount_code","fixed_amount","order",-312,1,652.16,0,380.87,0,57.13,438
"DLO5PLGJ","discount_code","fixed_amount","order",-90,1,456.52,0,378.26,0,56.74,435
"JWCDE066","discount_code","fixed_amount","order",-135,1,495.65,0,378.26,0,56.74,435
"K4Q46FIH","discount_code","fixed_amount","order",-100,1,460.85,0,373.91,0,56.09,430
"HISI4XGM","discount_code","fixed_amount","order",-100,1,456.52,0,369.57,0,55.43,425
"ANGDM0GZ","discount_code","fixed_amount","order",-100,1,456.51,0,369.57,0,55.43,425
"R3PNJHXR","discount_code","fixed_amount","order",-16,1,382.59,0,368.7,0,55.3,424
"JWOKV7O2","discount_code","fixed_amount","order",-500,1,800,0,365.22,0,54.78,420
"6W0VI1BI","discount_code","fixed_amount","order",-500,1,798.25,0,363.48,0,54.52,418
"ZYBDYGPO","discount_code","fixed_amount","order",-174,1,513.04,0,361.74,0,54.26,416
"YQHVPKD7","discount_code","fixed_amount","order",-200,1,615,0,415,0,0,415
"J7EDQ67E","discount_code","percentage","order",-46,1,400,0,360,0,54,414
"HFM6TICX","discount_code","fixed_amount","order",-157,1,495.65,0,359.13,0,53.87,413
"IRSHXSIP","discount_code","fixed_amount","order",-500,1,912,0,412,0,0,412
"3JA5VXDJ","discount_code","fixed_amount","order",-100,1,443.45,0,356.52,0,53.48,410
"8FHS9QJJ","discount_code","fixed_amount","order",-100,1,443.47,0,356.52,0,53.48,410
"FIFWYS9M","discount_code","fixed_amount","order",-380,1,686.94,0,356.52,0,53.48,410
"Welcome back","manual","percentage",,-45,1,391.3,0,352.17,0,52.83,405
"LFW4S7C7","discount_code","fixed_amount","order",-48,1,391.3,0,349.57,0,52.43,402
"0RCU6R8J","discount_code","fixed_amount","order",-100,1,434.78,0,347.83,0,52.17,400
"1JC1RZX0","discount_code","fixed_amount","order",-100,1,434.78,0,347.83,0,52.17,400
"WEJSFV4K","discount_code","fixed_amount","order",-100,1,434.78,0,347.83,0,52.17,400
"OW6KQLTH","discount_code","fixed_amount","order",-100,1,434.77,0,347.83,0,52.17,400
"DKSLZ91C","discount_code","fixed_amount","order",-100,1,434.78,0,347.83,0,52.17,400
"Happy Hour Discount-2025-12-15T22:00:00Z","automatic","percentage","order",-141,2,408.68,0,347.39,0,52.11,399.5
"UWTFYKGE","discount_code","fixed_amount","order",-1,1,347.82,0,346.96,0,52.04,399
"BXUCDQ56","discount_code","fixed_amount","order",-1,1,347.81,0,346.96,0,52.04,399
"GJR04TKZ","discount_code","fixed_amount","order",-1,1,347.81,0,346.96,0,52.04,399
"TPLVK1BE","discount_code","fixed_amount","order",-172,1,495.65,0,346.09,0,51.91,398
"2MGSUX2Q","discount_code","fixed_amount","order",-200,1,590,0,390,0,0,390
"Happy Hour Discount-2025-12-07T22:00:00Z","automatic","percentage","order",-67.5,1,450,0,382.5,0,0,382.5
"0MYNPH5W","discount_code","fixed_amount","order",-100,1,417.37,0,330.43,0,49.57,380
"XH62UJZX","discount_code","fixed_amount","order",-1000,1,1199.97,0,330.43,0,49.57,380
"IHJWZYSI","discount_code","fixed_amount","order",-1000,1,1199.97,0,330.43,0,49.57,380
"F4QEU9BE","discount_code","fixed_amount","order",-1,1,330.43,0,329.57,0,49.43,379
"PICVGGS0","discount_code","fixed_amount","order",-192,1,495.65,0,328.7,0,49.3,378
"GY4FX0E3","discount_code","fixed_amount","order",-200,1,495.65,0,321.74,0,48.26,370
"3HHZWLAZ","discount_code","fixed_amount","order",-200,1,495.65,0,321.74,0,48.26,370
"JPXGQWPB","discount_code","fixed_amount","order",-200,1,495.65,0,321.74,0,48.26,370
"VVHWCCCU","discount_code","fixed_amount","order",-200,1,495.65,0,321.74,0,48.26,370
"RUGO2UKT","discount_code","fixed_amount","order",-200,1,495.65,0,321.74,0,48.26,370
"QPSLXO5V","discount_code","fixed_amount","order",-200,1,495.65,0,321.74,0,48.26,370
"XUAKCQRE","discount_code","fixed_amount","order",-200,1,495.64,0,321.74,0,48.26,370
"IGH7OSPG","discount_code","fixed_amount","order",-200,1,570,0,370,0,0,370
"KI6HUIXG","discount_code","fixed_amount","order",-200,1,495.65,0,321.74,0,48.26,370
"TVDMNKZD","discount_code","fixed_amount","order",-200,1,495.64,0,321.74,0,48.26,370
"Containers recycled","manual","fixed_amount",,-10,1,330.43,0,321.74,0,48.26,370
"JM2CPT9Q","discount_code","fixed_amount","order",-200,1,495.65,0,321.74,0,48.26,370
"GVKLFUQG","discount_code","fixed_amount","order",-200,1,570,0,370,0,0,370
"Q7SRVJRB","discount_code","fixed_amount","order",-100,1,403.46,0,316.52,0,47.48,364
"BAKSAX2H","discount_code","fixed_amount","order",-67,1,373.9,0,315.65,0,47.35,363
"OXWVQUAA","discount_code","fixed_amount","order",-100,1,399.98,0,313.04,0,46.96,360
"KYWCMUVA","discount_code","fixed_amount","order",-500,1,747.81,0,313.04,0,46.96,360
"0LST5IDL","discount_code","fixed_amount","order",-40,1,347.81,0,313.04,0,46.96,360
"GS8QPQ53","discount_code","fixed_amount","order",-20,1,330.43,0,313.04,0,46.96,360
"N8IKFTVY","discount_code","fixed_amount","order",-100,1,399.98,0,313.04,0,46.96,360
"WT1CJF4H","discount_code","fixed_amount","order",-100,1,399.99,0,313.04,0,46.96,360
"QRQJM5TM","discount_code","fixed_amount","order",-100,1,843.46,-444.56,311.96,0,46.8,358.76
"LYKBRICU","discount_code","fixed_amount","order",-23,1,330.44,0,310.44,0,46.56,357
"1U8LWHBW","discount_code","fixed_amount","order",-100,1,395.65,0,308.7,0,46.3,355
"HFBG6UP4","discount_code","fixed_amount","order",-100,1,395.65,0,308.7,0,46.3,355
"LS1BGPI8","discount_code","fixed_amount","order",-100,1,395.65,0,308.7,0,46.3,355
"UCRNJDDK","discount_code","fixed_amount","order",-100,1,394.77,0,307.83,0,46.17,354
"IM1GFWZM","discount_code","fixed_amount","order",-100,1,391.3,0,304.35,0,45.65,350
"1C90QE0F","discount_code","fixed_amount","order",-100,1,391.3,0,304.35,0,45.65,350
"Containers Recycled","manual","fixed_amount",,-30,1,330.43,0,304.35,0,45.65,350
"KNDNLCPL","discount_code","fixed_amount","order",-1000,1,1173.9,0,304.35,0,45.65,350
"2MAZF4YI","discount_code","fixed_amount","order",-100,1,391.3,0,304.35,0,45.65,350
"BDXSJ17S","discount_code","fixed_amount","order",-200,1,478.24,0,304.35,0,45.65,350
"VVVY7FJW","discount_code","fixed_amount","order",-1000,1,1173.92,0,304.35,0,45.65,350
"UUYUBB5U","discount_code","fixed_amount","order",-100,1,391.3,0,304.35,0,45.65,350
"AXOLHD0X","discount_code","fixed_amount","order",-100,1,386.94,0,300,0,45,345
"DMCYE9P2","discount_code","fixed_amount","order",-100,1,384.34,0,297.39,0,44.61,342
"IZPQBHQC","discount_code","fixed_amount","order",-100,1,382.59,0,295.65,0,44.35,340
"KNYKL0IH","discount_code","fixed_amount","order",-100,1,382.6,0,295.65,0,44.35,340
"QVOB8DDD","discount_code","fixed_amount","order",-100,1,382.59,0,295.65,0,44.35,340
"L6OKACOM","discount_code","fixed_amount","order",-40,1,330.43,0,295.65,0,44.35,340
"Happy Hour Discount-2026-01-27T22:00:00Z","automatic","percentage","order",-60,1,347.81,0,295.65,0,44.35,340
"E3AUER5Y","discount_code","fixed_amount","order",-41,1,330.43,0,294.78,0,44.22,339
"QVO7FAIT","discount_code","fixed_amount","order",-200,1,465.2,0,291.3,0,43.7,335
"A4AHBHOV","discount_code","fixed_amount","order",-50,1,330.42,0,286.96,0,43.04,330
"KEQOKPK4","discount_code","fixed_amount","order",-100,1,373.91,0,286.96,0,43.04,330
"WNKFMWXF","discount_code","fixed_amount","order",-100,1,369.55,0,282.61,0,42.39,325
"Happy Hour Discount-2026-01-17T22:00:00Z","automatic","percentage","order",-57,1,330.43,0,280.87,0,42.13,323
"KJNFEK3S","discount_code","fixed_amount","order",-250,1,495.65,0,278.26,0,41.74,320
"VV0NDZ1G","discount_code","fixed_amount","order",-140,1,399.99,0,278.26,0,41.74,320
"F0D9R0RF","discount_code","fixed_amount","order",-100,1,365.21,0,278.26,0,41.74,320
"UAYWMN4S","discount_code","fixed_amount","order",-100,1,365.21,0,278.26,0,41.74,320
"FEP8KMAH","discount_code","fixed_amount","order",-100,1,417,0,317,0,0,317
"T64X41IT","discount_code","fixed_amount","order",-260,1,495.66,0,269.57,0,40.43,310
"IQ3RNVXZ","discount_code","fixed_amount","order",-100,1,352.17,0,265.22,0,39.78,305
"70DFLSZK","discount_code","fixed_amount","order",-100,1,347.82,0,260.87,0,39.13,300
"5OZESYA2","discount_code","fixed_amount","order",-200,1,434.78,0,260.87,0,39.13,300
"3MUDGMYO","discount_code","fixed_amount","order",-100,1,347.82,0,260.87,0,39.13,300
"DG7L4JLS","discount_code","fixed_amount","order",-100,1,347.82,0,260.87,0,39.13,300
"JEAJ9IAK","discount_code","fixed_amount","order",-100,1,347.82,0,260.87,0,39.13,300
"GINDDC1A","discount_code","fixed_amount","order",-100,1,347.82,0,260.87,0,39.13,300
"ZKN5CLSB","discount_code","fixed_amount","order",-100,1,347.82,0,260.87,0,39.13,300
"IE5EW2UL","discount_code","fixed_amount","order",-100,1,347.82,0,260.87,0,39.13,300
"PTQIZQBE","discount_code","fixed_amount","order",-100,1,347.82,0,260.87,0,39.13,300
"HASB1IDR","discount_code","fixed_amount","order",-100,1,400,0,300,0,0,300
"EWVSGE1Y","discount_code","fixed_amount","order",-100,1,347.82,0,260.87,0,39.13,300
"9PUIAEET","discount_code","fixed_amount","order",-100,1,347.82,0,260.87,0,39.13,300
"VJRNWK6P","discount_code","fixed_amount","order",-100,1,347.82,0,260.87,0,39.13,300
"JWVSI1VB","discount_code","fixed_amount","order",-100,1,347.82,0,260.87,0,39.13,300
"TTCQZIMR","discount_code","fixed_amount","order",-200,1,434.78,0,260.87,0,39.13,300
"RGJJ5LYK","discount_code","fixed_amount","order",-101,1,347.82,0,260,0,39,299
"FHVPKISR","discount_code","fixed_amount","order",-65,1,334.61,0,274.53,0,22.47,297
"H8QUQRNB","discount_code","fixed_amount","order",-100,1,343.47,0,256.52,0,38.48,295
"D7QO5SM1","discount_code","fixed_amount","order",-377,1,582.6,0,254.78,0,38.22,293
"FRXG3WWT","discount_code","fixed_amount","order",-657,1,826.07,0,254.78,0,38.22,293
"Claire 50% + containers","manual","fixed_amount",,-470,1,660.86,0,252.18,0,37.82,290
"M94H1GJ0","discount_code","fixed_amount","order",-200,1,426.07,0,252.17,0,37.83,290
"2IB7RPEF","discount_code","fixed_amount","order",-31,1,278.25,0,251.3,0,37.7,289
"For 19 containers","manual","fixed_amount",,-95,1,330.43,0,247.83,0,37.17,285
"NEY67TU5","discount_code","fixed_amount","order",-200,1,465.21,0,247.61,0,37.14,284.75
"3NK1DGMU","discount_code","fixed_amount","order",-100,1,333.9,0,246.96,0,37.04,284
"QXHD48NC","discount_code","fixed_amount","order",-100,1,330.43,0,243.48,0,36.52,280
"9DZMU5GB","discount_code","fixed_amount","order",-100,1,355.21,0,261.74,0,18.26,280
"WTFU4GVX","discount_code","fixed_amount","order",-100,1,330.43,0,243.48,0,36.52,280
"HZMKRKII","discount_code","fixed_amount","order",-100,1,330.43,0,243.48,0,36.52,280
"4EX0UT1V","discount_code","fixed_amount","order",-100,1,330.42,0,243.48,0,36.52,280
"LXZZDEPX","discount_code","fixed_amount","order",-100,1,330.43,0,243.48,0,36.52,280
"For 4 containers","manual","fixed_amount",,-20,1,300,0,280,0,0,280
"83TCOH8S","discount_code","fixed_amount","order",-100,1,380,0,280,0,0,280
"VXRFV3JQ","discount_code","fixed_amount","order",-100,1,380,0,280,0,0,280
"1U4JNOMS","discount_code","fixed_amount","order",-100,1,330.43,0,243.48,0,36.52,280
"TDNWLMQI","discount_code","fixed_amount","order",-100,1,380,0,280,0,0,280
"40UCW5M2","discount_code","fixed_amount","order",-100,1,330.43,0,243.48,0,36.52,280
"NFLMEKLP","discount_code","fixed_amount","order",-100,1,330.43,0,243.48,0,36.52,280
"BPAD2V1A","discount_code","fixed_amount","order",-100,1,330.43,0,243.48,0,36.52,280
"MMOZWYCM","discount_code","fixed_amount","order",-100,1,330.43,0,243.48,0,36.52,280
"5ZZGL6NR","discount_code","fixed_amount","order",-100,1,330.43,0,243.48,0,36.52,280
"CLVAUSWG","discount_code","fixed_amount","order",-100,1,330.42,0,243.48,0,36.52,280
"WMNDAFYQ","discount_code","fixed_amount","order",-100,1,330.42,0,243.48,0,36.52,280
"CM12KNH6","discount_code","fixed_amount","order",-100,1,330.43,0,243.48,0,36.52,280
"2GPOYTMB","discount_code","fixed_amount","order",-100,1,330.43,0,243.48,0,36.52,280
"FUTEJYAP","discount_code","fixed_amount","order",-100,1,330.43,0,243.48,0,36.52,280
"3RDQRW8F","discount_code","fixed_amount","order",-500,1,780,0,280,0,0,280
"XHFJQUGL","discount_code","fixed_amount","order",-100,1,330.43,0,243.48,0,36.52,280
"OU6VLDXH","discount_code","fixed_amount","order",-100,1,330.43,0,243.48,0,36.52,280
"VVIZA6SU","discount_code","fixed_amount","order",-331,1,530.43,0,242.61,0,36.39,279
"For 5 containers","manual","fixed_amount",,-25,1,300,0,275,0,0,275
"5UYCVM6C","discount_code","fixed_amount","order",-200,1,413.03,0,239.13,0,35.87,275
"TCDJNWGU","discount_code","fixed_amount","order",-1000,1,1104.32,0,234.78,0,35.22,270
"MU1UGUQH","discount_code","fixed_amount","order",-100,1,321.72,0,234.78,0,35.22,270
"UUXCIW7U","discount_code","fixed_amount","order",-132,1,347.81,0,233.04,0,34.96,268
"H37SNN0T","discount_code","fixed_amount","order",-100,1,365,0,265,0,0,265
"NMB6G7UM","discount_code","fixed_amount","order",-116,1,330.42,0,229.57,0,34.43,264
"UOCMIQUS","discount_code","fixed_amount","order",-200,1,400,0,226.09,0,33.91,260
"APZUZT3H","discount_code","fixed_amount","order",-500,1,660.87,0,226.09,0,33.91,260
"ES5BKGII","discount_code","fixed_amount","order",-200,1,400,0,226.09,0,33.91,260
"GAB6VS5W","discount_code","fixed_amount","order",-200,1,460,0,260,0,0,260
"YXZA8I7J","discount_code","fixed_amount","order",-500,1,660.87,0,226.09,0,33.91,260
"BFY3HWZL","discount_code","fixed_amount","order",-500,1,660.87,0,226.09,0,33.91,260
"JMYAKD1H","discount_code","fixed_amount","order",-500,1,660.87,0,226.09,0,33.91,260
"AZTYGFCI","discount_code","fixed_amount","order",-500,1,660.87,0,226.09,0,33.91,260
"Member used a promo code online . Member ordered brainstorm and it was sold out . Member was called to change product to Superberry crush and lost his promo of R504. The code was CNTJLP5F.","manual","fixed_amount",,-504,1,660.87,0,222.61,0,33.39,256
"C3IFF4HI","discount_code","fixed_amount","order",-200,1,395.65,0,221.74,0,33.26,255
"We were owing customers 566 he did normal payment instead of instant payment","manual","fixed_amount",,-566,1,712.16,0,220,0,33,253
"JJ3Q7QYX","discount_code","fixed_amount","order",-120,1,321.73,0,217.39,0,32.61,250
"TNA8HIM5","discount_code","fixed_amount","order",-100,1,304.34,0,217.39,0,32.61,250
"ZVGO7Y9M","discount_code","fixed_amount","order",-100,1,297.38,0,210.43,0,31.57,242
"MURYH6JV","discount_code","fixed_amount","order",-831,1,930.44,0,207.83,0,31.17,239
"DHHKCRMM","discount_code","fixed_amount","order",-200,1,381.73,0,207.83,0,31.17,239
"JMMUOZIM","discount_code","fixed_amount","order",-500,1,735,0,235,0,0,235
"D0FYGQQ2","discount_code","percentage","order",-25,1,217.38,0,195.65,0,29.35,225
"GI6OSK9D","discount_code","fixed_amount","order",-100,1,282.59,0,195.65,0,29.35,225
"YTQAH88Z","discount_code","fixed_amount","order",-200,1,366.94,0,193.04,0,28.96,222
"HWA87I2X","discount_code","fixed_amount","order",-200,1,365.2,0,191.3,0,28.7,220
"ZKYRNZAK","discount_code","fixed_amount","order",-352,1,495.66,0,189.57,0,28.43,218
"Z4CGGL5I","discount_code","fixed_amount","order",-200,1,360.86,0,186.96,0,28.04,215
"DSUTQUJV","discount_code","fixed_amount","order",-100,1,269.56,0,182.61,0,27.39,210
"EN7DHCGE","discount_code","fixed_amount","order",-8,1,207.38,0,199.49,0,2.51,202
"WD7MS3MH","discount_code","fixed_amount","order",-100,1,300,0,200,0,0,200
"DGWWCJHJ","discount_code","fixed_amount","order",-100,1,300,0,200,0,0,200
"MSAMK9DY","discount_code","fixed_amount","order",-100,1,300,0,200,0,0,200
"XMQIE6TA","discount_code","fixed_amount","order",-100,1,260.86,0,173.91,0,26.09,200
"UPL3G4X9","discount_code","fixed_amount","order",-100,1,260.86,0,173.91,0,26.09,200
"AQAAWA8A","discount_code","fixed_amount","order",-100,1,300,0,200,0,0,200
"YRROQRKV","discount_code","fixed_amount","order",-200,1,347.82,0,173.91,0,26.09,200
"CDIQVB5B","discount_code","fixed_amount","order",-1,1,165.21,0,164.35,0,24.65,189
"AV0KDLEF","discount_code","fixed_amount","order",-100,1,249.55,0,162.61,0,24.39,187
"VFMSCGRS","discount_code","fixed_amount","order",-200,1,330.43,0,156.52,0,23.48,180
"JCAKM07A","discount_code","fixed_amount","order",-200,1,330.43,0,156.52,0,23.48,180
"9PCHK5QH","discount_code","fixed_amount","order",-200,1,330.43,0,156.52,0,23.48,180
"HCTBGKOE","discount_code","fixed_amount","order",-200,1,330.43,0,156.52,0,23.48,180
"KRVOMRFB","discount_code","fixed_amount","order",-200,1,330.42,0,156.52,0,23.48,180
"B9GCJQ0J","discount_code","fixed_amount","order",-200,1,330.43,0,156.52,0,23.48,180
"GVRWAPWI","discount_code","fixed_amount","order",-200,1,330.43,0,156.52,0,23.48,180
"2GXV50XC","discount_code","fixed_amount","order",-200,1,330.43,0,156.52,0,23.48,180
"T317KQ90","discount_code","fixed_amount","order",-200,1,330.43,0,156.52,0,23.48,180
"NY9FSF7P","discount_code","fixed_amount","order",-200,1,330.42,0,156.52,0,23.48,180
"4F7JBIOJ","discount_code","fixed_amount","order",-200,1,330.43,0,156.52,0,23.48,180
"WUELYT6F","discount_code","fixed_amount","order",-200,1,330.43,0,156.52,0,23.48,180
"5TNVHGCF","discount_code","fixed_amount","order",-200,1,330.43,0,156.52,0,23.48,180
"I0EYQIIT","discount_code","fixed_amount","order",-200,1,330.43,0,156.52,0,23.48,180
"ConContainers recycle","manual","fixed_amount",,-10,1,165.21,0,156.52,0,23.48,180
"GVOOJS2H","discount_code","fixed_amount","order",-500,1,591.28,0,156.52,0,23.48,180
"7K5GY0NU","discount_code","fixed_amount","order",-200,1,330.42,0,156.52,0,23.48,180
"GITEXBFS","discount_code","fixed_amount","order",-200,1,330.43,0,156.52,0,23.48,180
"YY1ALGQS","discount_code","fixed_amount","order",-200,1,330.43,0,156.52,0,23.48,180
"S5LMF5GP","discount_code","fixed_amount","order",-200,1,330.43,0,156.52,0,23.48,180
"CZXCRZMU","discount_code","fixed_amount","order",-200,1,330.43,0,156.52,0,23.48,180
"UIXCOVPY","discount_code","fixed_amount","order",-200,1,330.43,0,156.52,0,23.48,180
"S5CLIQ15","discount_code","fixed_amount","order",-200,1,330.42,0,156.52,0,23.48,180
"IXGAYFBZ","discount_code","fixed_amount","order",-200,1,330.42,0,156.52,0,23.48,180
"BVSR6VGN","discount_code","fixed_amount","order",-200,1,330.43,0,156.52,0,23.48,180
"O3IP8LI6","discount_code","fixed_amount","order",-200,1,330.43,0,156.52,0,23.48,180
"U11SESDF","discount_code","fixed_amount","order",-1000,1,1023.44,0,153.91,0,23.09,177
"Y5LN3UMG","discount_code","fixed_amount","order",-200,1,326.07,0,152.17,0,22.83,175
"IONDWC3Z","discount_code","fixed_amount","order",-500,1,586.96,0,152.18,0,22.82,175
"4WMPAIJS","discount_code","fixed_amount","order",-200,1,326.07,0,152.17,0,22.83,175
"K9FXN3PR","discount_code","fixed_amount","order",-100,1,236.52,0,149.57,0,22.43,172
"OPE4FJRN","discount_code","fixed_amount","order",-230,1,347.82,0,147.83,0,22.17,170
"HPV4XRX8","discount_code","fixed_amount","order",-500,1,670,0,170,0,0,170
"B7IYX2TF","discount_code","fixed_amount","order",-100,1,232.16,0,145.22,0,21.78,167
"3ZM71UIJ","discount_code","fixed_amount","order",-100,1,230.42,0,143.48,0,21.52,165
"FAGEHVTD","discount_code","fixed_amount","order",-100,1,230.42,0,143.48,0,21.52,165
"ONWWU29V","discount_code","fixed_amount","order",-100,1,227.8,0,140.87,0,21.13,162
"Happy hour","manual","percentage",,-38,1,165.21,0,132.17,0,19.83,152
"MK1SEH1Q","discount_code","fixed_amount","order",-200,1,304.33,0,130.43,0,19.57,150
"WWJ61FON","discount_code","fixed_amount","order",-100,1,217.38,0,130.43,0,19.57,150
"TWPDXINR","discount_code","fixed_amount","order",-100,1,217.38,0,130.43,0,19.57,150
"PPGHHEU6","discount_code","fixed_amount","order",-20,1,147.81,0,130.43,0,19.57,150
"1WZ8JN9W","discount_code","fixed_amount","order",-100,1,217.38,0,130.43,0,19.57,150
"LVYTIHKP","discount_code","fixed_amount","order",-100,1,217.38,0,130.43,0,19.57,150
"CJEZJMM4","discount_code","fixed_amount","order",-100,1,217.38,0,130.43,0,19.57,150
"J6TZPENZ","discount_code","fixed_amount","order",-200,1,304.33,0,130.43,0,19.57,150
"KIAXWBEK","discount_code","fixed_amount","order",-100,1,217.38,0,130.43,0,19.57,150
"ZBG4BZQS","discount_code","fixed_amount","order",-200,1,304.33,0,130.43,0,19.57,150
"LNILRD6H","discount_code","fixed_amount","order",-100,1,217.38,0,130.43,0,19.57,150
"GLXSOBEC","discount_code","fixed_amount","order",-1000,1,991.31,0,121.74,0,18.26,140
"XYP4RYI8","discount_code","fixed_amount","order",-500,1,556.52,0,121.74,0,18.26,140
"OQBTXGAP","discount_code","fixed_amount","order",-100,1,208.69,0,121.74,0,18.26,140
"3MW0YXTT","discount_code","fixed_amount","order",-452,1,513.04,0,120,0,18,138
"NVN13ELG","discount_code","fixed_amount","order",-500,1,552.16,0,117.39,0,17.61,135
"Serenity Premium Only","manual","percentage",,-13232.34,56,11615,-1.04,115.11,0,17.35,132.46
"GDREQ6KU","discount_code","fixed_amount","order",-100,1,201.72,0,114.78,0,17.22,132
"9CTUMEMX","discount_code","fixed_amount","order",-100,1,199.99,0,113.04,0,16.96,130
"HG6YD7FT","discount_code","fixed_amount","order",-100,1,199.99,0,113.04,0,16.96,130
"FPSINVTH","discount_code","fixed_amount","order",-100,1,199.99,0,113.04,0,16.96,130
"KVZ6DKHV","discount_code","fixed_amount","order",-100,1,199.99,0,113.04,0,16.96,130
"FRUO0ZRK","discount_code","fixed_amount","order",-100,1,199.99,0,113.04,0,16.96,130
"50BMVU9I","discount_code","fixed_amount","order",-100,1,198.24,0,111.3,0,16.7,128
"HN6TUGXD","discount_code","fixed_amount","order",-65,1,165.22,0,108.7,0,16.3,125
"KIXEQKW3","discount_code","fixed_amount","order",-200,1,320,0,120,0,0,120
"VVCUKXT6","discount_code","fixed_amount","order",-500,1,539.13,0,104.35,0,15.65,120
"OE6HP48V","discount_code","fixed_amount","order",-100,1,191.3,0,104.35,0,15.65,120
"VAIUX5YM","discount_code","fixed_amount","order",-100,1,215,0,115,0,0,115
"XHTE1QGN","discount_code","fixed_amount","order",-100,1,186.94,0,100,0,15,115
"XZ103AI0","discount_code","fixed_amount","order",-500,1,532.15,0,97.39,0,14.61,112
"HH68KZDH","discount_code","fixed_amount","order",-500,1,532.15,0,97.39,0,14.61,112
"VHRTE9YK","discount_code","fixed_amount","order",-200,1,269.55,0,95.65,0,14.35,110
"XR8YBKM4","discount_code","fixed_amount","order",-100,1,182.59,0,95.65,0,14.35,110
"8SHY6QJP","discount_code","fixed_amount","order",-200,1,269.55,0,95.65,0,14.35,110
"4JWAU2RZ","discount_code","fixed_amount","order",-200,1,260.88,0,86.96,0,13.04,100
"IZ6GT7QM","discount_code","fixed_amount","order",-200,1,260.88,0,86.96,0,13.04,100
"VED5IVME","discount_code","fixed_amount","order",-200,1,260.88,0,86.96,0,13.04,100
"WOS8K13H","discount_code","fixed_amount","order",-500,1,521.76,0,86.96,0,13.04,100
"LBTEXJWP","discount_code","fixed_amount","order",-200,1,260.88,0,86.96,0,13.04,100
"OJLBN5OT","discount_code","fixed_amount","order",-100,1,173.92,0,86.96,0,13.04,100
"M3BXKF3H","discount_code","fixed_amount","order",-100,1,173.92,0,86.96,0,13.04,100
"TD9H4UP0","discount_code","fixed_amount","order",-500,1,521.76,0,86.96,0,13.04,100
"EP242LEJ","discount_code","fixed_amount","order",-100,1,173.92,0,86.96,0,13.04,100
"NZ9WU9Y8","discount_code","fixed_amount","order",-100,1,173.92,0,86.96,0,13.04,100
"JIFWAAYO","discount_code","fixed_amount","order",-100,1,173.92,0,86.96,0,13.04,100
"BNKGQYX1","discount_code","fixed_amount","order",-100,1,173.92,0,86.96,0,13.04,100
"OPQXH0ZT","discount_code","fixed_amount","order",-100,1,173.92,0,86.96,0,13.04,100
"GVDXEUQQ","discount_code","fixed_amount","order",-24,1,104.35,0,83.48,0,12.52,96
"GPAX6JOS","discount_code","fixed_amount","order",-100,1,169.56,0,82.61,0,12.39,95
"KS7XF09N","discount_code","fixed_amount","order",-100,1,169.56,0,82.61,0,12.39,95
"BSM65Z2K","discount_code","fixed_amount","order",-100,1,169.55,0,82.61,0,12.39,95
"XGMTD2LB","discount_code","fixed_amount","order",-100,1,169.56,0,82.61,0,12.39,95
"SQMM3FER","discount_code","fixed_amount","order",-100,1,169.56,0,82.61,0,12.39,95
"KJF0FKRE","discount_code","fixed_amount","order",-378,1,408.69,0,80,0,12,92
"MGRQ3ZSG","discount_code","fixed_amount","order",-100,1,165.21,0,78.26,0,11.74,90
"UBZP3TPE","discount_code","fixed_amount","order",-100,1,165.21,0,78.26,0,11.74,90
"Q9SL2GKZ","discount_code","fixed_amount","order",-100,1,165.21,0,78.26,0,11.74,90
"8GCMHDTT","discount_code","fixed_amount","order",-100,1,165.21,0,78.26,0,11.74,90
"QANTW2U8","discount_code","fixed_amount","order",-100,1,165.21,0,78.26,0,11.74,90
"R96IFJTK","discount_code","fixed_amount","order",-100,1,190,0,90,0,0,90
"OCVEZYGM","discount_code","fixed_amount","order",-100,1,165.21,0,78.26,0,11.74,90
"1DODLDVH","discount_code","fixed_amount","order",-100,1,165.21,0,78.26,0,11.74,90
"1HNUJKAY","discount_code","fixed_amount","order",-100,1,165.21,0,78.26,0,11.74,90
"MO8HFGMG","discount_code","fixed_amount","order",-100,1,165.21,0,78.26,0,11.74,90
"DIUPPJ0G","discount_code","fixed_amount","order",-100,1,165.21,0,78.26,0,11.74,90
"HKKN262A","discount_code","fixed_amount","order",-100,1,165.21,0,78.26,0,11.74,90
"DISUOBJF","discount_code","fixed_amount","order",-100,1,165.21,0,78.26,0,11.74,90
"GFMTS4FG","discount_code","fixed_amount","order",-100,1,165.21,0,78.26,0,11.74,90
"ORGVMSLM","discount_code","fixed_amount","order",-100,1,165.21,0,78.26,0,11.74,90
"EXKIJRAI","discount_code","fixed_amount","order",-100,1,165.21,0,78.26,0,11.74,90
"C7ZBYM22","discount_code","fixed_amount","order",-100,1,165.21,0,78.26,0,11.74,90
"UEMARRJA","discount_code","fixed_amount","order",-100,1,165.21,0,78.26,0,11.74,90
"RQI2LG2C","discount_code","fixed_amount","order",-100,1,165.21,0,78.26,0,11.74,90
"IDOP7IU9","discount_code","fixed_amount","order",-100,1,165.21,0,78.26,0,11.74,90
"WO5J679N","discount_code","fixed_amount","order",-100,1,165.21,0,78.26,0,11.74,90
"LSWQESZ2","discount_code","fixed_amount","order",-100,1,165.21,0,78.26,0,11.74,90
"K0WVUUU4","discount_code","fixed_amount","order",-100,1,165.21,0,78.26,0,11.74,90
"NHHCSVLC","discount_code","fixed_amount","order",-100,1,165.21,0,78.26,0,11.74,90
"YGYA3R95","discount_code","fixed_amount","order",-100,1,165.21,0,78.26,0,11.74,90
"FQ0GRWO2","discount_code","fixed_amount","order",-100,1,165.21,0,78.26,0,11.74,90
"MBDB73BU","discount_code","fixed_amount","order",-100,1,165.21,0,78.26,0,11.74,90
"R265 Containers plus R100 point","manual","fixed_amount",,-365,1,395.64,0,78.26,0,11.74,90
"VAZQHJV1","discount_code","fixed_amount","order",-100,1,165.21,0,78.26,0,11.74,90
"DVMLA1XO","discount_code","fixed_amount","order",-100,1,165.21,0,78.26,0,11.74,90
"NTDYESAG","discount_code","fixed_amount","order",-100,1,165.21,0,78.26,0,11.74,90
"PAXUV1TH","discount_code","fixed_amount","order",-100,1,165.21,0,78.26,0,11.74,90
"UC4RJHRL","discount_code","fixed_amount","order",-100,1,165.21,0,78.26,0,11.74,90
"6ATFPWXW","discount_code","fixed_amount","order",-100,1,165.21,0,78.26,0,11.74,90
"DDOZAFUE","discount_code","fixed_amount","order",-100,1,165.21,0,78.26,0,11.74,90
"3GQGC1JG","discount_code","fixed_amount","order",-100,1,165.21,0,78.26,0,11.74,90
"USHMW9CK","discount_code","fixed_amount","order",-100,1,165.21,0,78.26,0,11.74,90
"KGQJRLVG","discount_code","fixed_amount","order",-100,1,165.21,0,78.26,0,11.74,90
"7GW3VYHS","discount_code","fixed_amount","order",-100,1,165.21,0,78.26,0,11.74,90
"4J0YMRI1","discount_code","fixed_amount","order",-100,1,165.21,0,78.26,0,11.74,90
"P9GHMFRK","discount_code","fixed_amount","order",-100,1,165.21,0,78.26,0,11.74,90
"VYCUHLK5","discount_code","fixed_amount","order",-100,1,165.21,0,78.26,0,11.74,90
"MIB9TW5B","discount_code","fixed_amount","order",-100,1,165.21,0,78.26,0,11.74,90
"NDEUST05","discount_code","fixed_amount","order",-100,1,165.21,0,78.26,0,11.74,90
"T2FLJW6M","discount_code","fixed_amount","order",-100,1,165.21,0,78.26,0,11.74,90
"LISHA6IP","discount_code","fixed_amount","order",-100,1,165.21,0,78.26,0,11.74,90
"WEOMQN6H","discount_code","fixed_amount","order",-100,1,165.21,0,78.26,0,11.74,90
"1VXSJCDN","discount_code","fixed_amount","order",-100,1,165.21,0,78.26,0,11.74,90
"Q4UJ4TXK","discount_code","fixed_amount","order",-100,1,165.21,0,78.26,0,11.74,90
"60WZZCGX","discount_code","fixed_amount","order",-100,1,165.21,0,78.26,0,11.74,90
"YS5UPRQD","discount_code","fixed_amount","order",-100,1,165.21,0,78.26,0,11.74,90
"QZYQJMIP","discount_code","fixed_amount","order",-100,1,165.21,0,78.26,0,11.74,90
"JLUBI3ZG","discount_code","fixed_amount","order",-100,1,165.21,0,78.26,0,11.74,90
"WG0RCABU","discount_code","fixed_amount","order",-100,1,165.21,0,78.26,0,11.74,90
"TNI3MYRG","discount_code","fixed_amount","order",-100,1,165.21,0,78.26,0,11.74,90
"EON2QAZP","discount_code","fixed_amount","order",-100,1,165.21,0,78.26,0,11.74,90
"UHJD3WVJ","discount_code","fixed_amount","order",-100,1,165.21,0,78.26,0,11.74,90
"OVXTVWGJ","discount_code","fixed_amount","order",-100,1,165.21,0,78.26,0,11.74,90
"J4RM2XTV","discount_code","fixed_amount","order",-3824,1,3399.85,0,74.78,0,11.22,86
"RGAQS8ON","discount_code","fixed_amount","order",-106,1,165.2,0,73.04,0,10.96,84
"OAYTJCTU","discount_code","fixed_amount","order",-200,1,245.19,0,71.3,0,10.7,82
"JADQNZSW","discount_code","fixed_amount","order",-100,1,156.53,0,69.57,0,10.43,80
"CBVFZ8BQ","discount_code","fixed_amount","order",-100,1,156.53,0,69.57,0,10.43,80
"65FJAJ9Y","discount_code","fixed_amount","order",-100,1,152.18,0,65.22,0,9.78,75
"GQ3CXXYS","discount_code","fixed_amount","order",-100,1,152.18,0,65.22,0,9.78,75
"FL06AYAE","discount_code","fixed_amount","order",-100,1,152.18,0,65.22,0,9.78,75
"CNZAMMGW","discount_code","fixed_amount","order",-100,1,152.18,0,65.22,0,9.78,75
"PU37FQJB","discount_code","fixed_amount","order",-100,1,165.21,0,60.87,0,9.13,70
"Was supposed to be added with first sales, with jpoints","manual","fixed_amount",,-20,1,165.21,0,60.87,0,9.13,70
"BZCSS1QV","discount_code","fixed_amount","order",-500,1,495.65,0,60.87,0,9.13,70
"KJ9ORNYB","discount_code","fixed_amount","order",-500,1,570,0,70,0,0,70
"JJEUGNSA","discount_code","fixed_amount","order",-500,1,495.65,0,60.87,0,9.13,70
"TBRK9BCL","discount_code","fixed_amount","order",-500,1,495.65,0,60.87,0,9.13,70
"JLBRZXIX","discount_code","fixed_amount","order",-500,1,570,0,70,0,0,70
"LZNUT191","discount_code","fixed_amount","order",-500,1,495.65,0,60.87,0,9.13,70
"D0RH86CC","discount_code","fixed_amount","order",-500,1,520.4,0,63.91,0,6.09,70
"JJMCV8V0","discount_code","fixed_amount","order",-500,1,495.65,0,60.87,0,9.13,70
"JORHGHSO","discount_code","fixed_amount","order",-500,1,570,0,70,0,0,70
"BPCBPMRW","discount_code","fixed_amount","order",-400,1,408.69,0,60.87,0,9.13,70
"W6KDUW7R","discount_code","fixed_amount","order",-500,1,495.65,0,60.87,0,9.13,70
"QSB3A13X","discount_code","fixed_amount","order",-500,1,495.65,0,60.87,0,9.13,70
"7SWTFREM","discount_code","fixed_amount","order",-200,1,234.78,0,60.87,0,9.13,70
"VFAZIFPG","discount_code","fixed_amount","order",-500,1,495.65,0,60.87,0,9.13,70
"XSYWR0HQ","discount_code","fixed_amount","order",-500,1,495.65,0,60.87,0,9.13,70
"ON4DFNIV","discount_code","fixed_amount","order",-500,1,495.65,0,60.87,0,9.13,70
"RU1WILFL","discount_code","fixed_amount","order",-100,1,146.95,0,60,0,9,69
"QXIG1HK6","discount_code","fixed_amount","order",-200,1,230.42,0,56.52,0,8.48,65
"Q1MGLICQ","discount_code","fixed_amount","order",-200,1,230.42,0,56.52,0,8.48,65
"WYV1YJMC","discount_code","fixed_amount","order",-356,1,365.19,0,55.65,0,8.35,64
"XP8U5RGJ","discount_code","fixed_amount","order",-1000,1,921.65,0,52.17,0,7.83,60
"LEHHUKVJ","discount_code","fixed_amount","order",-100,1,130.44,0,43.48,0,6.52,50
"EH6IUOH0","discount_code","fixed_amount","order",-100,1,130.44,0,43.48,0,6.52,50
"CG6YTIQ9","discount_code","fixed_amount","order",-100,1,130.44,0,43.48,0,6.52,50
"BFAKSZNX","discount_code","fixed_amount","order",-200,1,217.4,0,43.48,0,6.52,50
"XNR2G8DC","discount_code","fixed_amount","order",-100,1,126.07,0,39.13,0,5.87,45
"PWFUGWZ5","discount_code","fixed_amount","order",-200,1,208.68,0,34.78,0,5.22,40
"For 136 containers","manual","fixed_amount",,-680,1,626.03,0,34.78,0,5.22,40
"8XETXFAK","discount_code","fixed_amount","order",-100,1,121.72,0,34.78,0,5.22,40
"8LFFAXPZ","discount_code","fixed_amount","order",-500,1,465.13,0,30.43,0,4.57,35
"N7RYKVPZ","discount_code","fixed_amount","order",-100,1,116.53,0,29.57,0,4.43,34
"XYJP5JKM","discount_code","fixed_amount","order",-200,1,210.43,0,29.22,0,4.38,33.6
"For 40 containers","manual","fixed_amount",,-200,1,200.02,0,26.09,0,3.91,30
"8YGVAWPC","discount_code","fixed_amount","order",-200,1,200.02,0,26.09,0,3.91,30
"CW9CZ8QX","discount_code","fixed_amount","order",-100,1,113.05,0,26.09,0,3.91,30
"76FGDEUX","discount_code","fixed_amount","order",-100,1,113.05,0,26.09,0,3.91,30
"LJU6VZZU","discount_code","fixed_amount","order",-500,1,460.91,0,26.09,0,3.91,30
"ORCVQOLH","discount_code","fixed_amount","order",-100,1,113.05,0,26.09,0,3.91,30
"VWXWNQHU","discount_code","fixed_amount","order",-200,1,200,0,23.48,0,3.52,27
"OW5BXZ9Y","discount_code","fixed_amount","order",-100,1,109.56,0,22.61,0,3.39,26
"WP2UFSQJ","discount_code","fixed_amount","order",-49,1,65.22,0,22.61,0,3.39,26
"81VFPODB","discount_code","fixed_amount","order",-200,1,195.66,0,21.74,0,3.26,25
"EI4CFAJ4","discount_code","fixed_amount","order",-1000,1,891.32,0,21.74,0,3.26,25
"AVPV4RTE","discount_code","fixed_amount","order",-500,1,525,0,25,0,0,25
"FZ8NBMSQ","discount_code","fixed_amount","order",-100,1,108.7,0,21.74,0,3.26,25
"IPES6M7L","discount_code","fixed_amount","order",-100,1,108.7,0,21.74,0,3.26,25
"HGIZXKPO","discount_code","fixed_amount","order",-200,1,195.66,0,21.74,0,3.26,25
"U1O6UZ9G","discount_code","fixed_amount","order",-1000,1,891.32,0,21.74,0,3.26,25
"EHXKBBKR","discount_code","fixed_amount","order",-100,1,104.34,0,17.39,0,2.61,20
"SAQOCZQX","discount_code","fixed_amount","order",-100,1,104.34,0,17.39,0,2.61,20
"QZPFULL1","discount_code","fixed_amount","order",-100,1,104.34,0,17.39,0,2.61,20
"XGYBXK3U","discount_code","fixed_amount","order",-100,1,120,0,20,0,0,20
"BJZKNGIW","discount_code","fixed_amount","order",-100,1,104.34,0,17.39,0,2.61,20
"LYZM6O61","discount_code","fixed_amount","order",-100,1,104.34,0,17.39,0,2.61,20
"EMWD2JNV","discount_code","fixed_amount","order",-180,1,173.9,0,17.39,0,2.61,20
"UMM4UT0O","discount_code","fixed_amount","order",-100,1,104.34,0,17.39,0,2.61,20
"CVIMFUGW","discount_code","fixed_amount","order",-100,1,104.34,0,17.39,0,2.61,20
"HSSGJWAB","discount_code","fixed_amount","order",-100,1,104.34,0,17.39,0,2.61,20
"U3KQSDAZ","discount_code","fixed_amount","order",-100,1,104.34,0,17.39,0,2.61,20
"DTVJX0SY","discount_code","fixed_amount","order",-100,1,104.34,0,17.39,0,2.61,20
"IKB7Q3MN","discount_code","fixed_amount","order",-100,1,104.34,0,17.39,0,2.61,20
"SCOFKFTV","discount_code","fixed_amount","order",-26,1,513.03,-473.82,16.61,0,2.5,19.11
"WLKXICM5","discount_code","fixed_amount","order",-1,1,17.38,0,16.52,0,2.48,19
"SUHCLMYL","discount_code","fixed_amount","order",-1,1,20,0,19,0,0,19
"491ACPSE","discount_code","fixed_amount","order",-100,1,101.72,0,14.78,0,2.22,17
"HRTLST6H","discount_code","fixed_amount","order",-100,1,101.72,0,14.78,0,2.22,17
"JNEUMTAQ","discount_code","fixed_amount","order",-100,1,101.72,0,14.78,0,2.22,17
"PCF9W4LJ","discount_code","fixed_amount","order",-100,1,101.71,0,14.78,0,2.22,17
"For 26 containers","manual","fixed_amount",,-120,1,117.35,0,13.04,0,1.96,15
"PNECOXMP","discount_code","fixed_amount","order",-200,1,186.9,0,13.04,0,1.96,15
"X2KZIHPD","discount_code","fixed_amount","order",-200,1,186.9,0,13.04,0,1.96,15
"IUZG4APT","discount_code","fixed_amount","order",-1000,1,882.36,0,13.04,0,1.96,15
"XJ7LCY1A","discount_code","fixed_amount","order",-100,1,99.97,0,13.04,0,1.96,15
"LAKKDFZE","discount_code","fixed_amount","order",-100,1,99.96,0,13.04,0,1.96,15
"SOM7QN9L","discount_code","fixed_amount","order",-100,1,99.97,0,13.04,0,1.96,15
"RT7KBKNE","discount_code","fixed_amount","order",-1,1,17.38,0,11.57,0,1.73,13.3
"IULJSBHX","discount_code","fixed_amount","order",-100,1,95.69,0,8.7,0,1.3,10
"TGTRTQFW","discount_code","fixed_amount","order",-200,1,182.7,0,8.7,0,1.3,10
"FULJ4NT1","discount_code","fixed_amount","order",-100,1,95.68,0,8.7,0,1.3,10
"M0WCOLWT","discount_code","fixed_amount","order",-100,1,95.69,0,8.7,0,1.3,10
"F2XTGF1I","discount_code","fixed_amount","order",-200,1,181.82,0,7.83,0,1.17,9
"MFH27DKP","discount_code","fixed_amount","order",-100,1,93.08,0,6.09,0,0.91,7
"M0JBVQI8","discount_code","fixed_amount","order",-500,1,440.2,0,5.22,0,0.78,6
"TOBYCXAB","discount_code","fixed_amount","order",-500,1,440.19,0,5.22,0,0.78,6
"SDTGBLVM","discount_code","fixed_amount","order",-100,1,91.34,0,4.35,0,0.65,5
"V4XTUG2A","discount_code","fixed_amount","order",-100,1,88.74,0,1.74,0,0.26,2
"ATLEQAHF","discount_code","fixed_amount","order",-200,1,175.72,0,1.74,0,0.26,2
"OJJX80VL","discount_code","fixed_amount","order",-200,1,174.87,0,0.87,0,0.13,1
"Free membership","manual","percentage",,-99,1,87,0,0.87,0,0.13,1
"Alawode paid it.","manual","fixed_amount",,-750,1,2200,-1450,0,0,0,0
"RRUONHIB","discount_code","fixed_amount","order",-380,1,380,0,0,0,0,0
"GY2UQELM","discount_code","fixed_amount","order",-150,1,150,0,0,0,0,0
"VVRCUFDI","discount_code","fixed_amount","order",-74,1,74,0,0,0,0,0
"NOCFLWYD","discount_code","fixed_amount","order",-50,1,50,0,0,0,0,0
"MRTWOPFX","discount_code","fixed_amount","order",-165,1,165,0,0,0,0,0
"JOBN3RI4","discount_code","fixed_amount","order",-25,1,25,0,0,0,0,0
"FGU8SKBQ","discount_code","fixed_amount","order",-992,1,992,0,0,0,0,0
"MTLOCSSR","discount_code","fixed_amount","order",-985,1,985,0,0,0,0,0
"ZHDCXJUL","discount_code","fixed_amount","order",-100,1,100,0,0,0,0,0
"YGXLCLKU","discount_code","percentage","shipping",-99,1,0,0,0,0,0,0
"ZJ2QLFWX","discount_code","fixed_amount","order",-150,1,150,0,0,0,0,0
"SF7PF9DX","discount_code","fixed_amount","order",-100,1,100,0,0,0,0,0
"3AHJW2RY","discount_code","fixed_amount","order",-100,1,100,0,0,0,0,0
"UA7QZDAC","discount_code","fixed_amount","order",-150,1,150,0,0,0,0,0
"VHPFYZCO","discount_code","fixed_amount","order",-75,1,75,0,0,0,0,0
"TWZ2TRES","discount_code","fixed_amount","order",-50,1,50,0,0,0,0,0
"8GRMBKB8","discount_code","fixed_amount","product",-100,1,100,0,0,0,0,0
"MBMEGR7L","discount_code","fixed_amount","order",-25,1,25,0,0,0,0,0
"ZBCTIWFD","discount_code","fixed_amount","order",-490,1,490,0,0,0,0,0
"CDHK1XA1","discount_code","fixed_amount","order",-190,1,190,0,0,0,0,0
"CEQAYUM6","discount_code","fixed_amount","order",-65,1,65,0,0,0,0,0
"FZK1VUBK","discount_code","fixed_amount","order",-150,1,150,0,0,0,0,0
"C3GVEDLP","discount_code","fixed_amount","order",-37,1,37,0,0,0,0,0
"VLWAPA2K","discount_code","fixed_amount","order",-65,1,65,0,0,0,0,0
"ZRHEZOVD","discount_code","fixed_amount","order",-99,1,99,0,0,0,0,0
"EQBDQYXS","discount_code","fixed_amount","order",-970,1,970,0,0,0,0,0
"FMHI2ISF","discount_code","fixed_amount","order",-100,1,100,0,0,0,0,0
"61I7GI6E","discount_code","fixed_amount","order",-920,1,920,0,0,0,0,0
"JS3Y9LVD","discount_code","fixed_amount","order",-190,1,190,0,0,0,0,0
"UZGL1HOM","discount_code","fixed_amount","order",-87,1,87,0,0,0,0,0
"VQ0XZR9W","discount_code","fixed_amount","order",-180,1,180,0,0,0,0,0
"MJ0GQEMQ","discount_code","fixed_amount","order",-75,1,75,0,0,0,0,0
"QZJF4QZT","discount_code","fixed_amount","order",-500,1,500,0,0,0,0,0
"We owe him from previous order.","manual","fixed_amount",,-1140,1,1140,0,0,0,0,0
"BN54TKTM","discount_code","fixed_amount","order",-137,1,137,0,0,0,0,0
"3B5ZXETH","discount_code","fixed_amount","order",-100,1,100,0,0,0,0,0
"7IDREIHI","discount_code","fixed_amount","order",-75,1,75,0,0,0,0,0
"4FVJY1WE","discount_code","fixed_amount","order",-190,1,190,0,0,0,0,0
"C4YXFQDW","discount_code","fixed_amount","order",-100,1,100,0,0,0,0,0
"KWNLL9RQ","discount_code","fixed_amount","order",-150,1,150,0,0,0,0,0
"WYADXLXM","discount_code","fixed_amount","order",-457,1,457,0,0,0,0,0
"SYEWYUWZ","discount_code","fixed_amount","order",-197,1,197,0,0,0,0,0
"ZRUHEPJS","discount_code","fixed_amount","order",-100,1,100,0,0,0,0,0
"Discount code CNTJLP5F . Brainstorm was sold out and member used his discount code for the product .when changing the product the code was gone .","manual","fixed_amount",,-760,1,760,0,0,0,0,0
"GJDDCG1A","discount_code","fixed_amount","order",-100,1,100,0,0,0,0,0
"GO0H1CIR","discount_code","fixed_amount","order",-250,1,250,0,0,0,0,0
"SIMWYRUL","discount_code","fixed_amount","order",-464,1,464,0,0,0,0,0
"Z4YVPZSD","discount_code","fixed_amount","order",-75,1,75,0,0,0,0,0
"S8VDEDL1","discount_code","fixed_amount","order",-90,1,90,0,0,0,0,0
"DBNZGHYM","discount_code","fixed_amount","order",-200,1,200,0,0,0,0,0
"CHF2S4YJ","discount_code","fixed_amount","order",-1140,1,1140,0,0,0,0,0
"A1VAKZMO","discount_code","fixed_amount","order",-190,1,190,0,0,0,0,0
"We owe him","manual","fixed_amount",,-790,1,790,0,0,0,0,0
"MMRXMJ3E","discount_code","fixed_amount","order",-95,1,95,0,0,0,0,0
"R4H3P2TK","discount_code","fixed_amount","product",-100,1,100,0,0,0,0,0
"ABQ6ZMWA","discount_code","fixed_amount","order",-500,1,500,0,0,0,0,0
"VN2WHKJL","discount_code","fixed_amount","order",-950,1,950,0,0,0,0,0
"B9WBPZTB","discount_code","fixed_amount","product",-100,1,100,0,0,0,0,0
"X7RIMHJX","discount_code","fixed_amount","order",-200,1,200,0,0,0,0,0
"Z8IIUIX3","discount_code","fixed_amount","order",-110,1,110,0,0,0,0,0
"TNZRFE3O","discount_code","fixed_amount","order",-62,1,62,0,0,0,0,0
"TTHAR3JU","discount_code","fixed_amount","order",-100,1,100,0,0,0,0,0
"RZBN52RX","discount_code","fixed_amount","product",-100,1,100,0,0,0,0,0
"FOMXKJB8","discount_code","fixed_amount","order",-200,1,200,0,0,0,0,0
"O8IN96DO","discount_code","fixed_amount","order",-100,1,100,0,0,0,0,0
"XLH6ZDYX","discount_code","fixed_amount","order",-100,1,100,0,0,0,0,0
"SZINDRXS","discount_code","fixed_amount","order",-490,1,490,0,0,0,0,0
"FDNCDESJ","discount_code","fixed_amount","order",-460,1,460,0,0,0,0,0
"H8U2SYTA","discount_code","fixed_amount","order",-200,1,200,0,0,0,0,0
"KHMSJNTC","discount_code","fixed_amount","order",-59,1,59,0,0,0,0,0
"We were owing him R1565 he paid twice EFT on 14 Nov 2025","manual","fixed_amount",,-1532,1,1532,0,0,0,0,0
"DXMMRUT7","discount_code","fixed_amount","order",-992,1,992,0,0,0,0,0
"XLIJYG2A","discount_code","fixed_amount","order",-100,1,100,0,0,0,0,0
"UMTF1HP6","discount_code","fixed_amount","order",-190,1,190,0,0,0,0,0
"HJPU5YFC","discount_code","fixed_amount","order",-195,1,195,0,0,0,0,0
"IK40XCKZ","discount_code","fixed_amount","order",-97,1,97,0,0,0,0,0
"P2TJD7CB","discount_code","fixed_amount","order",-95,1,95,0,0,0,0,0
"O9ZGEE8Q","discount_code","percentage","shipping",-199,1,0,0,0,0,0,0
"LJ23WHMP","discount_code","fixed_amount","order",-1,1,991.28,-990.43,0,0,0,0
"SOVONVSY","discount_code","fixed_amount","order",-100,1,100,0,0,0,0,0
"ENECPHRR","discount_code","fixed_amount","order",-422,1,422,0,0,0,0,0
"HMNYVPMP","discount_code","fixed_amount","order",-100,1,100,0,0,0,0,0
"H7DN8HX7","discount_code","fixed_amount","order",-90,1,90,0,0,0,0,0
"DODD7DYN","discount_code","fixed_amount","order",-100,1,100,0,0,0,0,0
"PEALIVIJ","discount_code","fixed_amount","order",-920,1,920,0,0,0,0,0
"O6VKLJXB","discount_code","percentage","shipping",-299,1,0,0,0,0,0,0
"OKIPZJEG","discount_code","fixed_amount","order",-94,1,94,0,0,0,0,0
"C7XKUS6Y","discount_code","fixed_amount","order",-85,1,85,0,0,0,0,0
"LIQEUAKR","discount_code","fixed_amount","order",-200,1,200,0,0,0,0,0
"9GSSMOHL","discount_code","fixed_amount","order",-90,1,90,0,0,0,0,0
"PQ90FSFJ","discount_code","fixed_amount","order",-95,1,95,0,0,0,0,0
"Cohtainers","manual","fixed_amount",,-380,1,380,0,0,0,0,0
"3937KYX1","discount_code","fixed_amount","order",-190,1,190,0,0,0,0,0
"VE0LTY8H","discount_code","fixed_amount","order",-482,1,482,0,0,0,0,0
"L5OJP0NO","discount_code","fixed_amount","order",-90,1,90,0,0,0,0,0
"2EYWGQ8S","discount_code","fixed_amount","order",-95,1,95,0,0,0,0,0
"KDVP262Q","discount_code","fixed_amount","order",-100,1,100,0,0,0,0,0
"UOXJ9RWW","discount_code","fixed_amount","order",-87,1,87,0,0,0,0,0
"0NJNBNSG","discount_code","fixed_amount","order",-95,1,95,0,0,0,0,0
"7GQ8DK4K","discount_code","fixed_amount","order",-990,1,990,0,0,0,0,0
"8BTLWNNL","discount_code","fixed_amount","order",-115,1,115,0,0,0,0,0
"UCIFZFR8","discount_code","fixed_amount","order",-75,1,75,0,0,0,0,0
"R6V5A6FV","discount_code","fixed_amount","order",-499,1,499,0,0,0,0,0
"PE5A2UII","discount_code","fixed_amount","order",-100,1,100,0,0,0,0,0
"2YMDDG7T","discount_code","fixed_amount","order",-176,1,176,0,0,0,0,0
"J2IHP690","discount_code","fixed_amount","order",-250,1,250,0,0,0,0,0
"KABHPUPB","discount_code","fixed_amount","order",-987,1,987,0,0,0,0,0
"FDPS2HNS","discount_code","percentage","shipping",0,1,0,0,0,0,0,0
"T2MJQI92","discount_code","fixed_amount","order",-500,1,570,0,0,0,0,0
"IOIWS6KS","discount_code","fixed_amount","order",-200,1,200,0,0,0,0,0
"TL1XCXW1","discount_code","fixed_amount","order",-1000,1,1000,0,0,0,0,0
"WLC6AY6X","discount_code","fixed_amount","order",-90,1,90,0,0,0,0,0
"IT1YI0QQ","discount_code","fixed_amount","order",-169,1,169,0,0,0,0,0
"77XMFL8L","discount_code","fixed_amount","product",-100,1,100,0,0,0,0,0
"TT4VOW2S","discount_code","fixed_amount","order",-25,1,25,0,0,0,0,0
"1MV2SQJ8","discount_code","fixed_amount","order",-75,1,75,0,0,0,0,0
"TZN2N1GK","discount_code","fixed_amount","order",-100,1,100,0,0,0,0,0
"JJIBWR5X","discount_code","fixed_amount","order",-90,1,90,0,0,0,0,0
"EOKKJ2DR","discount_code","fixed_amount","order",-375,1,375,0,0,0,0,0
"0F7K3QQI","discount_code","fixed_amount","order",-963,1,963,0,0,0,0,0
"7LOYYQK3","discount_code","fixed_amount","order",-990,1,990,0,0,0,0,0
"CS1C25EB","discount_code","fixed_amount","order",-150,1,150,0,0,0,0,0
"8LMZGQC0","discount_code","fixed_amount","order",-95,1,95,0,0,0,0,0
"TA1OQHWG","discount_code","fixed_amount","order",-950,1,950,0,0,0,0,0
"U8MYPUXV","discount_code","fixed_amount","order",-100,1,100,0,0,0,0,0
"HZ4M5W8Q","discount_code","fixed_amount","order",-190,1,190,0,0,0,0,0
"LKARSCWS","discount_code","fixed_amount","order",-1,1,0,0,0,0,0,0
"TLK4ZHPW","discount_code","fixed_amount","order",-175,1,175,0,0,0,0,0
"VMXFMSEP","discount_code","fixed_amount","order",-195,1,195,0,0,0,0,0
"J7XUIFYF","discount_code","fixed_amount","order",-440,1,440,0,0,0,0,0
"91BKQLTK","discount_code","fixed_amount","order",-82,1,82,0,0,0,0,0
"WXBTQ8AZ","discount_code","fixed_amount","order",-50,1,50,0,0,0,0,0
"Z60JWDLB","discount_code","fixed_amount","order",-800,1,800,0,0,0,0,0
"OUR4HZUY","discount_code","fixed_amount","order",-200,1,200,0,0,0,0,0
"D2PIE5WF","discount_code","fixed_amount","order",-85,1,85,0,0,0,0,0
"Y1RPHGYP","discount_code","fixed_amount","order",-190,1,190,0,0,0,0,0
"FZU5JSO4","discount_code","fixed_amount","order",-190,1,190,0,0,0,0,0
"DGAYK5MR","discount_code","fixed_amount","order",-95,1,95,0,0,0,0,0
"E18N6VPY","discount_code","fixed_amount","order",-920,1,920,0,0,0,0,0
"AMMDBMF5","discount_code","fixed_amount","order",-190,1,190,0,0,0,0,0
"2EIL2C2H","discount_code","fixed_amount","order",-100,1,100,0,0,0,0,0
"HE5Y1ORB","discount_code","fixed_amount","order",-1,1,582.6,-581.74,0,0,0,0
"TXQCEFI4","discount_code","fixed_amount","order",-100,1,100,0,0,0,0,0
"DWZKTTY8","discount_code","fixed_amount","order",-1000,1,1000,0,0,0,0,0
"S5LBUBWY","discount_code","fixed_amount","order",-190,1,190,0,0,0,0,0
"K4PZLPZJ","discount_code","fixed_amount","order",-82,1,82,0,0,0,0,0
"L78WDYXU","discount_code","fixed_amount","order",-25,1,25,0,0,0,0,0
"DRLQFR97","discount_code","fixed_amount","order",-75,1,75,0,0,0,0,0
"7SBEXOBJ","discount_code","fixed_amount","order",-950,1,950,0,0,0,0,0
"SJSXNRRY","discount_code","fixed_amount","order",-190,1,190,0,0,0,0,0
"PZSOXTUR","discount_code","fixed_amount","order",-37,1,37,0,0,0,0,0
"NJSIYV3P","discount_code","fixed_amount","order",-190,1,190,0,0,0,0,0
"GEK4VOWL","discount_code","fixed_amount","order",-570,1,570,0,0,0,0,0
"RDA1IKIE","discount_code","fixed_amount","order",-100,1,365.21,-278.26,0,0,0,0
"HNGSHRE6","discount_code","fixed_amount","order",-100,1,100,0,0,0,0,0
"ZIS5QVLQ","discount_code","fixed_amount","order",-190,1,190,0,0,0,0,0
"VCZYCEVW","discount_code","fixed_amount","order",-100,1,100,0,0,0,0,0
"CQDHMHRL","discount_code","fixed_amount","order",-87,1,87,0,0,0,0,0
"S58MK7EV","discount_code","fixed_amount","order",-195,1,195,0,0,0,0,0
"FZVMLASD","discount_code","fixed_amount","order",-39,1,1321.73,-1287.83,0,0,0,0
"WBOA34PI","discount_code","fixed_amount","order",-90,1,90,0,0,0,0,0
"LFOIWU7H","discount_code","fixed_amount","order",-100,1,100,0,0,0,0,0
"JBDIG67D","discount_code","fixed_amount","order",-100,1,100,0,0,0,0,0
"JV0APLZF","discount_code","fixed_amount","order",-190,1,190,0,0,0,0,0
"CNTJLP5F","discount_code","fixed_amount","order",-504,1,660.87,-222.61,0,0,0,0
"NNUHIIZY","discount_code","fixed_amount","order",-1,1,17.38,-16.52,0,0,0,0
"19XZ7BTI","discount_code","fixed_amount","order",-150,1,150,0,0,0,0,0
"R78EGCYQ","discount_code","percentage","shipping",-99,1,0,0,0,0,0,0
"OVHQAL5X","discount_code","fixed_amount","order",-90,1,90,0,0,0,0,0
"TTTNYZ5A","discount_code","fixed_amount","order",-992,1,992,0,0,0,0,0
"B5TUDBJS","discount_code","fixed_amount","order",-95,1,95,0,0,0,0,0
"CGCV5HVH","discount_code","fixed_amount","order",-400,1,400,0,0,0,0,0
"CGMGQBON","discount_code","fixed_amount","order",-497,1,497,0,0,0,0,0
"29MV5CBI","discount_code","fixed_amount","order",-82,1,82,0,0,0,0,0
"K8XGYOUN","discount_code","fixed_amount","order",-500,1,500,0,0,0,0,0
"NY9OBTIT","discount_code","fixed_amount","order",-190,1,190,0,0,0,0,0
"TQ9EUDVP","discount_code","percentage","shipping",0,1,0,0,0,0,0,0
"4KA5QDNX","discount_code","fixed_amount","order",-992,1,992,0,0,0,0,0
"CGBRELUC","discount_code","fixed_amount","order",-460,1,460,0,0,0,0,0
"ZRA4BUF7","discount_code","fixed_amount","order",-495,1,495,0,0,0,0,0
"QKBCDAPD","discount_code","fixed_amount","order",-92,1,92,0,0,0,0,0
"N9621ECV","discount_code","fixed_amount","order",-99,1,99,0,0,0,0,0
"H1TZPKCQ","discount_code","fixed_amount","order",-1000,1,3536.06,-2634.94,0,0,0,0
"EHUSQYP7","discount_code","fixed_amount","order",-37,1,37,0,0,0,0,0
"3L6ZARYK","discount_code","percentage","shipping",-99,1,0,0,0,0,0,0
"HUP4EDPE","discount_code","fixed_amount","order",-25,1,25,0,0,0,0,0
"4G6LL1EW","discount_code","fixed_amount","order",-100,1,100,0,0,0,0,0
"JTJ0IM6G","discount_code","fixed_amount","order",-40,1,40,0,0,0,0,0
"BCRHM3WI","discount_code","fixed_amount","order",-100,1,100,0,0,0,0,0
"F6YZMIDW","discount_code","fixed_amount","order",-100,1,100,0,0,0,0,0
"0TBOKKHF","discount_code","fixed_amount","order",-190,1,190,0,0,0,0,0
"YZ6FUVGS","discount_code","fixed_amount","order",-100,1,100,0,0,0,0,0
"CYFQZBBC","discount_code","fixed_amount","order",-150,1,150,0,0,0,0,0
"L0MWPQD7","discount_code","fixed_amount","order",-75,1,75,0,0,0,0,0
"1PF0LM5W","discount_code","fixed_amount","order",-35,1,35,0,0,0,0,0
"XUGQQ8Y4","discount_code","fixed_amount","order",-80,1,80,0,0,0,0,0
"GROY6WI9","discount_code","fixed_amount","order",-195,1,195,0,0,0,0,0
"ITIH9GE9","discount_code","fixed_amount","order",-25,1,25,0,0,0,0,0
"W4K6LVPK","discount_code","fixed_amount","order",-75,1,75,0,0,0,0,0
"MAQHCVVS","discount_code","fixed_amount","order",-1000,1,3230,-2230,0,0,0,0
"BEJFM9YD","discount_code","fixed_amount","order",-450,1,450,0,0,0,0,0
"CFAV3WF6","discount_code","fixed_amount","order",-65,1,65,0,0,0,0,0
"YBESZ43C","discount_code","fixed_amount","order",-100,1,100,0,0,0,0,0
"GSFHDOPS","discount_code","fixed_amount","order",-200,1,200,0,0,0,0,0
"EARG7EAR","discount_code","fixed_amount","order",-53,1,0,0,0,0,0,0
"K82LVIND","discount_code","fixed_amount","order",-100,1,100,0,0,0,0,0
"AIPE9MNT","discount_code","fixed_amount","order",-75,1,75,0,0,0,0,0
"NHRQFU8W","discount_code","fixed_amount","order",-40,1,40,0,0,0,0,0
"BQ7TA8EP","discount_code","fixed_amount","order",-190,1,190,0,0,0,0,0
"ML3AQPLI","discount_code","fixed_amount","order",-65,1,65,0,0,0,0,0
"8IBWF0JC","discount_code","fixed_amount","order",-500,1,500,0,0,0,0,0
"OBDDZXJP","discount_code","percentage","shipping",-99,1,0,0,0,0,0,0
"XPBC2MYN","discount_code","fixed_amount","order",-965,1,965,0,0,0,0,0
"KA97XKJR","discount_code","fixed_amount","order",-950,1,950,0,0,0,0,0
"BO96KVEG","discount_code","fixed_amount","order",-95,1,95,0,0,0,0,0
"NJGIGBUX","discount_code","fixed_amount","order",-167,1,167,0,0,0,0,0
"ZSFHOXXE","discount_code","fixed_amount","order",-190,1,190,0,0,0,0,0
"BPHHI2QA","discount_code","fixed_amount","order",-190,1,190,0,0,0,0,0
"IJ7X1RWS","discount_code","fixed_amount","order",-442,1,442,0,0,0,0,0
"DN1G3KXO","discount_code","fixed_amount","order",-75,1,75,0,0,0,0,0
"DL9Y3TM6","discount_code","fixed_amount","order",-997,1,997,0,0,0,0,0
"KICDQHHX","discount_code","fixed_amount","order",-992,1,992,0,0,0,0,0
"VUSQN1IX","discount_code","fixed_amount","order",-200,1,200,0,0,0,0,0
"MAURXOMB","discount_code","fixed_amount","order",-100,1,100,0,0,0,0,0
"ZJ8PLOZP","discount_code","fixed_amount","order",-20,1,20,0,0,0,0,0
"ZFJPS5TD","discount_code","fixed_amount","order",-87,1,87,0,0,0,0,0
"OILONNNU","discount_code","fixed_amount","order",-16,1,0,0,0,0,0,0
"BPC2F2X3","discount_code","fixed_amount","order",-190,1,190,0,0,0,0,0
"YIJ6GFN8","discount_code","fixed_amount","order",-20,1,20,0,0,0,0,0
"2UWFPA5V","discount_code","fixed_amount","order",-992,1,992,0,0,0,0,0
"9UZ4LHEO","discount_code","fixed_amount","order",-100,1,100,0,0,0,0,0
"HRRMYUJQ","discount_code","fixed_amount","order",-990,1,990,0,0,0,0,0
"SJCEGFFZ","discount_code","fixed_amount","order",-190,1,190,0,0,0,0,0
"EAZWQIG7","discount_code","fixed_amount","order",-100,1,100,0,0,0,0,0
"WPJF6HLA","discount_code","fixed_amount","order",-100,1,100,0,0,0,0,0
"RIACWTY8","discount_code","fixed_amount","order",-190,1,190,0,0,0,0,0
"ZSACOTK7","discount_code","fixed_amount","order",-990,1,990,0,0,0,0,0
"MILXXOMA","discount_code","fixed_amount","order",-100,1,100,0,0,0,0,0
"3J4KOABW","discount_code","fixed_amount","order",-190,1,190,0,0,0,0,0
"HYX6QMPA","discount_code","fixed_amount","order",-190,1,190,0,0,0,0,0
"DJIMBA2M","discount_code","fixed_amount","order",-197,1,197,0,0,0,0,0
"RKWR5S8G","discount_code","fixed_amount","order",-200,1,200,0,0,0,0,0
"KRGGGHUG","discount_code","fixed_amount","order",-200,1,200,0,0,0,0,0
"ACIB8XDW","discount_code","fixed_amount","order",-100,1,100,0,0,0,0,0
"RFW3OTGL","discount_code","fixed_amount","order",-100,1,100,0,0,0,0,0
"40PKJYXW","discount_code","percentage","shipping",-99,1,0,0,0,0,0,0
"K8PISXBN","discount_code","fixed_amount","order",-37,1,37,0,0,0,0,0
"GRALP4UR","discount_code","percentage","shipping",0,1,0,0,0,0,0,0
"VH2RPIFR","discount_code","fixed_amount","order",-489,1,489,0,0,0,0,0
"UOTBEGUV","discount_code","fixed_amount","order",-40,1,40,0,0,0,0,0
"WXW5NIH2","discount_code","fixed_amount","order",-50,1,50,0,0,0,0,0
"KXYNSJKK","discount_code","fixed_amount","order",-40,1,40,0,0,0,0,0
"MAKATPS7","discount_code","fixed_amount","order",-460,1,460,0,0,0,0,0
"FLIJU6RP","discount_code","fixed_amount","order",-75,1,75,0,0,0,0,0
"CIZICXNW","discount_code","fixed_amount","order",-1,1,713.03,-712.17,0,0,0,0
"C1KJIJ3M","discount_code","fixed_amount","order",-190,1,190,0,0,0,0,0
"ND2A8ZGU","discount_code","fixed_amount","order",-190,1,190,0,0,0,0,0
"DOOIMMVY","discount_code","fixed_amount","order",-190,1,190,0,0,0,0,0
"MW5Y5IAM","discount_code","fixed_amount","order",-950,1,950,0,0,0,0,0
"ZSOC5E3X","discount_code","fixed_amount","order",-195,1,195,0,0,0,0,0
"8N2GMRMP","discount_code","fixed_amount","order",-84,1,84,0,0,0,0,0
"B5W3YTEI","discount_code","fixed_amount","order",-100,1,100,0,0,0,0,0
"4BYBDBZT","discount_code","fixed_amount","order",-37,1,0,0,0,0,0,0
"LZF02ON6","discount_code","fixed_amount","order",-40,1,40,0,0,0,0,0
"PLHM8KJS","discount_code","fixed_amount","product",-100,1,100,0,0,0,0,0
"HOLR2EDS","discount_code","fixed_amount","order",-100,1,100,0,0,0,0,0
"YZ67NPD2","discount_code","fixed_amount","order",-25,1,25,0,0,0,0,0
"N4OP8MIX","discount_code","fixed_amount","order",-75,1,75,0,0,0,0,0
"4IB9J2BH","discount_code","fixed_amount","order",-100,1,100,0,0,0,0,0
"0PIUKC0M","discount_code","fixed_amount","order",-190,1,190,0,0,0,0,0
"VATKBHGA","discount_code","fixed_amount","order",-85,1,85,0,0,0,0,0
"KJOS9KHR","discount_code","fixed_amount","order",-100,1,100,0,0,0,0,0
"VND9OYNK","discount_code","fixed_amount","order",-84,1,84,0,0,0,0,0
"XKTQ1QH6","discount_code","fixed_amount","order",-100,1,100,0,0,0,0,0
"LUYXTBHY","discount_code","fixed_amount","order",-450,1,450,0,0,0,0,0
"OY8QUQ3G","discount_code","fixed_amount","order",-87,1,87,0,0,0,0,0
"PARGEHWZ","discount_code","percentage","shipping",-99,1,0,0,0,0,0,0
"PHHNALIV","discount_code","fixed_amount","order",-1000,1,1000,0,0,0,0,0
"Discount","manual","percentage",,-3400,7,3400,0,0,0,0,0
"XICKRLZV","discount_code","fixed_amount","order",-85,1,85,0,0,0,0,0
"JEIYKNR9","discount_code","fixed_amount","order",-95,1,95,0,0,0,0,0
"TV2GKDQP","discount_code","percentage","shipping",-99,1,0,0,0,0,0,0
"FNN7UXYX","discount_code","fixed_amount","order",-100,1,190,0,0,0,0,0
"XCKBLJNQ","discount_code","percentage","shipping",-299,1,0,0,0,0,0,0
"SPVW31QX","discount_code","percentage","shipping",-299,1,0,0,0,0,0,0
"DHMMUCCT","discount_code","percentage","shipping",-199,1,0,0,0,0,0,0
"9ONQ7OXA","discount_code","fixed_amount","order",-500,1,0,0,0,0,0,0
"YASBRYYJ","discount_code","fixed_amount","order",-74,1,74,0,0,0,0,0
"0DY4KVKM","discount_code","fixed_amount","order",-460,1,460,0,0,0,0,0
"BIBUG5IQ","discount_code","fixed_amount","order",-75,1,75,0,0,0,0,0
"BA9YZCQL","discount_code","fixed_amount","order",-37,1,37,0,0,0,0,0
"7AIUD5DH","discount_code","fixed_amount","order",-190,1,190,0,0,0,0,0
"XZKT04CF","discount_code","fixed_amount","order",-100,1,100,0,0,0,0,0
"8EH4XP3O","discount_code","fixed_amount","order",-100,1,100,0,0,0,0,0
"B4LWIPEO","discount_code","fixed_amount","order",-920,1,920,0,0,0,0,0
"FKI7SBFU","discount_code","fixed_amount","order",-100,1,100,0,0,0,0,0
"9SDYSYOZ","discount_code","fixed_amount","order",-147,1,147,0,0,0,0,0
"FIPTI2HH","discount_code","fixed_amount","order",-100,1,100,0,0,0,0,0
"OG8MRBKG","discount_code","fixed_amount","order",-150,1,150,0,0,0,0,0
"RUC1XBLQ","discount_code","fixed_amount","order",-85,1,85,0,0,0,0,0
"KKJBVH0M","discount_code","fixed_amount","order",-995,1,995,0,0,0,0,0
"Y8P0CWOU","discount_code","fixed_amount","order",-100,1,100,0,0,0,0,0
"US1M70NB","discount_code","fixed_amount","order",-495,1,495,0,0,0,0,0
"ZIJ1XBGG","discount_code","fixed_amount","order",-129,1,129,0,0,0,0,0
"DDP0MJQN","discount_code","fixed_amount","order",-990,1,990,0,0,0,0,0
"SAOI5ICB","discount_code","fixed_amount","order",-99,1,99,0,0,0,0,0
"PTNSEXY3","discount_code","fixed_amount","order",-87,1,87,0,0,0,0,0
"AO0SFIRB","discount_code","fixed_amount","order",-190,1,190,0,0,0,0,0
"TWCNLCFE","discount_code","fixed_amount","order",-992,1,992,0,0,0,0,0
"YFK3XJVM","discount_code","percentage","order",-91,1,791.29,-712.17,0,0,0,0
"DLFIKIIO","discount_code","fixed_amount","order",-85,1,85,0,0,0,0,0
"SGUQGWGH","discount_code","fixed_amount","order",-190,1,190,0,0,0,0,0
"UJW8AUPY","discount_code","fixed_amount","order",-85,1,85,0,0,0,0,0
"VQTC5AWG","discount_code","fixed_amount","order",-480,1,480,0,0,0,0,0
"ZIHX35HM","discount_code","percentage","shipping",-99,1,0,0,0,0,0,0
"CMXZD8MY","discount_code","fixed_amount","order",-118,1,118,0,0,0,0,0
"LZ3BCPOT","discount_code","fixed_amount","order",-225,1,225,0,0,0,0,0
"F7X6WJLN","discount_code","fixed_amount","order",-200,1,1378.22,-1204.35,0,0,0,0
"LXI5SNSB","discount_code","fixed_amount","order",-85,1,85,0,0,0,0,0
"H5YARQDW","discount_code","fixed_amount","order",-190,1,190,0,0,0,0,0
"IMOVCKQ2","discount_code","fixed_amount","order",-950,1,950,0,0,0,0,0
"Received an email that said 10% off and a free 30d membership","manual","percentage",,-100,1,100,0,0,0,0,0
